EmployeeID,Age,Gender,EducationLevel,YearsOfExperience,JobRole,SkillsScore,Certifications,CompanyType,WorkHoursPerWeek,Salary
1001,59,1,0,21,0,2,7,0,50,1436319
1002,49,0,0,23,0,6,2,1,52,1479728
1003,35,0,1,6,0,10,6,1,36,852363
1004,28,1,2,29,0,1,1,1,48,1824300
1005,41,0,0,26,0,4,2,1,56,1598808
1006,59,0,0,7,1,8,1,1,57,734943
1007,39,0,1,18,3,10,4,2,51,1364616
1008,43,0,2,19,1,5,6,1,37,1497329
1009,31,1,0,15,1,9,10,2,36,1168287
1010,31,1,0,21,2,6,9,1,42,1432971
1011,44,0,0,26,2,1,10,2,59,1598152
1012,56,1,1,6,2,6,10,1,36,854351
1013,44,0,0,8,4,6,10,1,36,882040
1014,23,0,0,12,2,6,9,1,60,1054616
1015,42,0,1,0,3,8,0,1,43,509897
1016,22,0,1,28,1,6,9,0,54,1867010
1017,44,0,0,30,3,5,8,1,55,1824154
1018,50,1,1,7,2,2,0,2,59,719114
1019,58,0,0,23,4,4,0,0,40,1462050
1020,22,1,0,21,4,10,9,0,60,1518125
1021,41,1,0,3,1,5,7,1,46,611396
1022,53,0,1,2,3,10,5,2,59,654846
1023,32,0,0,26,0,4,5,2,43,1558396
1024,42,0,1,2,3,2,8,0,41,656973
1025,45,0,1,21,2,7,3,2,46,1436574
1026,47,0,1,12,0,10,7,1,60,1119869
1027,48,1,1,7,4,10,3,1,59,915194
1028,36,0,1,6,1,2,1,1,39,754167
1029,35,0,0,26,1,1,10,1,50,1628147
1030,23,1,0,0,4,5,7,1,39,438122
1031,57,1,2,26,2,1,6,0,46,1783827
1032,27,0,0,15,4,1,3,1,58,1034335
1033,41,1,1,5,2,1,8,1,60,754576
1034,29,0,2,6,0,6,8,0,54,937677
1035,59,1,0,11,4,9,7,0,43,1047223
1036,38,1,1,22,2,10,0,0,57,1579814
1037,24,0,0,8,0,1,6,2,41,743185
1038,45,1,0,26,4,5,4,2,53,1618794
1039,34,1,0,10,1,9,6,1,54,991675
1040,29,1,0,9,4,9,8,1,57,929325
1041,46,1,1,20,3,1,1,1,45,1350503
1042,22,1,1,0,4,8,10,2,55,555514
1043,40,1,1,17,3,1,3,1,46,1247196
1044,48,0,0,30,0,8,3,1,37,1800917
1045,27,0,0,3,4,1,1,2,51,489699
1046,28,1,1,4,0,5,2,0,41,746119
1047,55,0,0,8,0,8,10,2,56,841061
1048,34,0,2,26,2,6,7,1,44,1767947
1049,37,0,1,30,0,9,8,2,57,1914632
1050,56,1,1,16,0,1,5,0,49,1231352
1051,24,0,2,2,4,9,9,0,36,803653
1052,22,1,0,15,4,1,1,0,47,1122115
1053,26,0,1,4,1,10,1,0,38,791755
1054,24,1,0,15,2,10,6,0,52,1274988
1055,49,1,2,2,0,3,7,0,58,729921
1056,38,0,0,19,2,1,7,1,57,1292003
1057,46,0,1,14,3,3,5,1,35,1142668
1058,54,1,1,29,0,2,9,2,36,1816175
1059,30,0,0,2,2,2,7,1,36,527738
1060,56,0,0,19,1,9,0,0,38,1376452
1061,34,0,1,13,1,8,8,1,37,1203323
1062,51,1,0,30,0,1,0,2,51,1688149
1063,35,1,0,15,3,4,2,0,48,1114839
1064,28,0,0,28,1,1,8,1,36,1648155
1065,34,0,0,28,1,1,10,1,50,1669019
1066,43,0,1,30,3,4,4,2,45,1844512
1067,41,1,0,30,2,2,8,0,59,1859690
1068,36,1,0,16,1,3,8,2,47,1126190
1069,38,0,0,27,4,9,5,0,35,1733928
1070,44,0,0,23,1,2,10,0,59,1547425
1071,46,0,0,19,2,4,0,1,57,1287134
1072,45,0,0,22,2,1,9,2,36,1402974
1073,49,0,0,17,0,2,6,2,36,1164796
1074,35,0,0,17,4,5,5,2,55,1193743
1075,21,1,1,21,2,10,8,0,39,1648455
1076,45,0,0,13,3,1,6,2,38,995035
1077,27,1,1,17,4,7,10,0,46,1406677
1078,29,0,0,14,4,4,3,2,60,1038321
1079,44,0,0,14,3,6,6,2,60,1088973
1080,21,1,1,5,1,8,1,1,37,771414
1081,28,1,0,26,3,6,5,2,54,1587602
1082,44,1,1,14,3,2,5,1,44,1113692
1083,31,1,1,17,1,1,1,1,54,1223750
1084,37,0,0,3,1,8,3,0,52,636760
1085,28,1,1,22,1,8,7,2,55,1570456
1086,55,0,1,7,1,9,7,2,55,863085
1087,55,1,0,14,1,6,7,2,55,1101964
1088,53,0,0,2,3,1,7,1,44,490925
1089,25,0,0,29,0,9,0,2,35,1698615
1090,59,0,1,14,0,3,1,0,40,1151083
1091,48,0,1,12,2,6,3,0,45,1144319
1092,27,0,2,8,0,10,8,2,36,983605
1093,29,0,1,1,0,10,2,1,41,615608
1094,28,1,0,23,3,9,5,0,54,1562192
1095,32,0,0,7,1,3,6,0,55,762331
1096,54,1,1,28,1,5,7,1,55,1817330
1097,53,1,0,29,3,5,6,0,55,1822949
1098,43,0,2,19,0,10,2,1,52,1519382
1099,44,1,0,16,3,7,5,0,55,1241586
1100,57,0,0,12,2,4,4,1,53,982243
1101,55,1,1,0,1,4,9,0,38,618618
1102,42,0,1,1,4,7,3,2,47,591311
1103,47,1,0,29,2,9,0,0,52,1780549
1104,55,0,1,14,2,4,6,0,54,1218494
1105,21,0,0,11,3,4,7,2,59,902958
1106,55,0,1,13,0,6,1,2,58,1062538
1107,57,0,1,24,1,6,6,2,47,1565833
1108,34,1,1,28,4,7,5,2,53,1767386
1109,23,0,1,1,2,1,4,1,51,550778
1110,21,1,0,17,4,3,3,1,35,1159832
1111,25,1,0,21,0,9,1,0,40,1498857
1112,46,1,2,6,0,6,9,0,53,962930
1113,34,0,0,28,4,6,5,0,54,1764407
1114,59,1,2,22,1,5,4,1,35,1546073
1115,47,1,0,30,0,3,1,0,42,1771667
1116,29,1,1,28,4,5,9,0,51,1848035
1117,35,0,1,24,2,1,6,1,55,1536732
1118,35,0,2,5,4,3,5,0,56,866097
1119,46,1,0,13,4,4,10,1,49,1026487
1120,33,0,1,7,3,5,8,1,52,886702
1121,52,0,0,26,0,10,10,2,41,1679075
1122,59,1,0,21,1,9,9,2,50,1476031
1123,52,1,1,1,1,4,4,1,41,529781
1124,24,0,1,16,3,3,8,1,51,1249865
1125,50,1,2,4,1,10,8,2,38,802469
1126,57,0,0,13,4,1,0,0,46,1002167
1127,43,0,0,24,3,10,4,0,47,1611928
1128,59,0,0,23,2,6,8,0,38,1607521
1129,35,0,0,29,0,7,6,1,55,1786599
1130,49,0,0,28,0,10,5,2,35,1716775
1131,56,0,1,19,0,8,5,0,35,1497504
1132,33,1,0,20,4,1,10,2,41,1347918
1133,52,1,2,28,2,4,6,2,43,1856687
1134,27,0,2,20,3,5,0,1,35,1446804
1135,42,0,1,21,3,2,3,0,50,1465259
1136,48,0,2,2,0,1,0,2,52,575560
1137,22,1,1,4,2,8,5,1,56,733256
1138,26,0,0,15,2,6,3,1,49,1087125
1139,48,1,0,17,2,5,0,1,40,1139370
1140,48,0,0,25,1,9,8,0,36,1661838
1141,40,0,0,16,1,2,3,0,43,1185429
1142,50,1,1,10,0,10,5,1,38,1003134
1143,31,1,0,16,2,8,6,0,47,1267199
1144,48,0,1,15,2,10,7,0,57,1368092
1145,45,0,1,25,3,9,10,2,56,1706822
1146,59,0,0,22,3,1,8,1,45,1396113
1147,53,1,2,1,0,7,8,1,47,716594
1148,21,1,0,3,2,8,7,0,45,649669
1149,47,1,0,20,0,3,9,1,53,1367427
1150,33,1,1,6,3,4,10,1,42,800938
1151,23,1,0,1,3,3,2,1,41,412717
1152,59,1,1,29,1,7,1,0,59,1914818
1153,26,0,0,5,0,9,4,0,50,772659
1154,28,0,0,16,0,3,0,0,37,1180575
1155,47,1,2,6,2,6,2,2,51,867737
1156,29,0,0,24,2,8,0,1,52,1502289
1157,57,0,0,4,1,6,2,2,49,572406
1158,53,1,0,4,4,2,3,0,51,600873
1159,44,0,2,19,4,7,6,2,45,1440461
1160,35,1,0,15,4,2,4,1,39,1061710
1161,52,1,0,18,0,2,4,1,50,1189448
1162,52,0,0,8,0,2,0,0,49,759198
1163,44,1,0,4,3,1,7,0,44,681158
1164,32,1,1,7,0,1,3,2,48,778938
1165,59,1,1,8,0,7,9,0,36,1006799
1166,22,1,0,4,0,5,4,2,50,586961
1167,23,1,1,9,1,3,1,1,53,882007
1168,57,1,0,24,0,1,0,1,42,1467470
1169,37,1,2,1,2,10,8,1,49,741256
1170,22,1,2,8,2,6,1,1,44,920739
1171,22,0,0,10,3,1,5,1,39,870186
1172,48,0,1,3,1,9,0,2,54,629547
1173,43,0,1,21,2,2,0,1,50,1410431
1174,57,1,0,21,1,1,8,2,55,1326476
1175,52,1,0,21,1,7,3,1,60,1441411
1176,53,0,0,1,3,6,8,2,56,471686
1177,21,0,1,22,1,6,10,2,46,1519536
1178,39,0,2,28,0,5,4,2,57,1816062
1179,22,1,1,5,1,4,6,0,47,809216
1180,46,0,1,26,3,4,0,2,43,1603041
1181,52,0,1,13,3,3,5,2,51,1052653
1182,26,1,1,0,3,10,7,1,54,587673
1183,52,0,1,17,2,8,0,2,46,1231367
1184,24,1,0,6,0,7,8,2,59,717629
1185,31,1,0,0,2,9,2,0,39,556190
1186,37,1,1,30,4,1,0,1,58,1777063
1187,58,0,0,0,0,7,0,0,46,463322
1188,44,0,1,0,1,10,10,0,35,652693
1189,25,1,0,23,3,4,5,0,54,1492241
1190,54,0,0,3,4,7,10,2,50,608778
1191,26,0,1,3,0,1,5,0,46,639651
1192,42,0,0,28,2,5,0,0,43,1705966
1193,31,0,0,17,3,3,2,1,47,1136275
1194,36,1,0,26,2,5,6,1,51,1633606
1195,53,0,1,10,0,4,9,1,51,961658
1196,29,1,0,26,0,2,2,1,38,1592468
1197,26,1,2,0,4,4,2,0,48,588248
1198,36,0,0,27,1,3,2,1,53,1601437
1199,49,1,2,9,2,1,6,2,41,934727
1200,23,0,2,8,4,10,3,0,37,1032201
1201,40,0,0,22,3,8,3,1,35,1461150
1202,56,1,0,3,1,5,2,0,46,585999
1203,39,1,0,27,4,4,9,1,49,1651376
1204,46,1,1,5,2,10,10,0,45,916673
1205,23,1,0,29,0,5,8,1,44,1742476
1206,39,0,0,15,3,4,1,2,36,1080902
1207,40,0,0,1,2,3,3,1,60,492994
1208,52,0,0,22,1,5,7,0,38,1528878
1209,27,1,0,17,1,4,5,0,51,1233615
1210,53,1,1,9,0,1,6,2,51,836164
1211,59,1,2,23,0,3,6,0,42,1668316
1212,38,0,0,23,3,10,1,2,57,1511560
1213,21,1,0,16,3,10,3,0,48,1253559
1214,31,0,0,12,0,8,9,0,58,1130968
1215,48,1,1,23,0,7,9,2,38,1617800
1216,45,0,2,17,1,2,5,0,40,1348047
1217,43,0,1,21,0,1,2,0,53,1457985
1218,51,1,2,12,4,3,8,2,58,1142123
1219,50,1,0,16,2,5,3,1,38,1120577
1220,55,0,1,4,0,10,9,2,37,735870
1221,27,0,1,10,3,1,1,0,54,944094
1222,36,1,0,6,4,3,5,1,40,711329
1223,46,1,2,28,3,3,0,1,57,1765217
1224,22,0,0,9,4,5,5,1,41,881141
1225,21,1,1,16,0,3,9,2,48,1210343
1226,32,0,0,14,2,9,0,1,46,1098822
1227,25,0,0,17,3,1,7,1,50,1156003
1228,57,1,1,22,4,4,4,1,54,1519538
1229,52,1,0,21,1,10,5,0,42,1497089
1230,29,1,0,18,0,10,1,2,57,1271595
1231,55,1,0,29,2,4,1,2,36,1671029
1232,39,1,1,25,0,1,8,0,47,1720023
1233,36,0,0,1,1,2,2,1,42,446324
1234,23,0,0,25,2,1,5,0,59,1588962
1235,40,1,2,3,1,6,9,0,55,828042
1236,44,1,1,2,0,3,4,1,54,624380
1237,53,1,0,6,4,7,3,1,50,733957
1238,44,0,1,23,0,5,9,2,38,1570739
1239,31,1,1,17,0,9,1,1,50,1309733
1240,28,1,1,9,0,7,7,0,54,1030389
1241,56,0,0,6,3,4,9,0,40,779715
1242,58,0,0,7,1,5,6,1,38,772116
1243,40,1,0,5,1,5,10,2,50,701922
1244,55,1,0,21,1,5,1,0,57,1429251
1245,45,1,0,25,3,10,5,1,57,1656794
1246,55,0,0,0,4,9,7,2,55,461580
1247,45,1,1,3,0,10,6,2,47,663823
1248,49,1,0,13,4,3,0,0,39,988084
1249,38,1,0,16,3,6,4,0,49,1261991
1250,38,0,1,19,1,8,1,2,60,1329607
1251,22,0,0,17,0,9,5,2,42,1269355
1252,55,1,0,10,2,7,6,2,41,873969
1253,36,1,1,28,2,3,6,1,48,1797059
1254,56,0,0,20,4,1,2,0,41,1305333
1255,53,0,1,25,1,4,6,2,56,1658236
1256,24,0,1,13,2,6,4,0,41,1165668
1257,53,0,0,8,4,3,7,0,57,823945
1258,34,0,1,26,3,1,7,0,60,1724526
1259,41,0,0,14,4,6,6,2,52,1077717
1260,40,0,0,11,4,1,5,1,44,916426
1261,28,0,0,9,4,9,1,2,52,879349
1262,27,0,0,18,0,1,5,0,48,1226601
1263,23,1,2,23,4,6,10,2,44,1629930
1264,37,1,0,18,4,1,8,2,41,1170333
1265,53,1,0,5,0,7,1,0,60,747935
1266,32,0,0,19,0,3,0,0,41,1268839
1267,42,1,0,23,3,6,10,2,41,1518337
1268,42,0,0,26,1,7,4,2,39,1606204
1269,50,0,0,5,2,1,10,2,35,617195
1270,58,1,1,7,2,1,5,2,48,754848
1271,58,0,0,0,4,5,2,1,52,426854
1272,28,1,0,21,3,6,7,2,47,1403998
1273,47,1,0,16,4,9,6,1,59,1253390
1274,47,1,0,16,2,1,1,0,42,1131558
1275,54,0,1,23,0,4,6,1,42,1523985
1276,41,1,0,14,1,10,0,0,44,1171794
1277,50,0,0,6,3,8,8,1,51,783585
1278,53,1,0,18,0,10,6,0,40,1378264
1279,48,1,1,21,1,9,5,2,49,1486326
1280,53,1,1,30,3,3,1,1,49,1843261
1281,25,0,0,24,3,2,2,1,59,1464022
1282,39,0,1,22,2,4,0,0,50,1493667
1283,24,0,1,27,0,2,9,0,42,1769065
1284,55,1,1,2,3,1,4,1,53,534006
1285,37,1,1,29,3,3,8,0,54,1916819
1286,48,0,0,29,1,7,5,2,49,1754076
1287,50,0,0,28,2,1,4,1,37,1682861
1288,49,0,0,21,4,2,2,2,40,1315393
1289,26,0,0,10,2,1,4,1,59,807143
1290,55,0,2,19,4,8,7,2,42,1494505
1291,57,0,0,29,0,5,1,1,50,1695417
1292,44,1,0,28,0,8,4,0,49,1779300
1293,49,0,1,18,3,3,5,1,47,1304896
1294,51,1,0,8,0,7,9,2,60,846629
1295,55,1,0,9,3,8,7,1,54,894606
1296,53,0,0,1,2,6,7,2,49,492916
1297,41,0,0,0,0,7,4,2,52,457330
1298,52,1,1,30,2,2,8,2,47,1805551
1299,43,0,0,29,2,8,3,0,58,1841422
1300,53,0,0,15,0,5,8,1,42,1176782
1301,23,1,0,17,2,7,10,2,48,1274391
1302,38,1,0,22,0,1,6,0,45,1473411
1303,45,1,1,25,0,5,5,2,40,1658185
1304,51,0,0,16,0,1,3,1,58,1066888
1305,23,1,0,5,4,8,1,0,59,746135
1306,44,0,2,13,2,4,7,2,35,1148424
1307,52,1,1,22,1,4,5,2,59,1479559
1308,42,1,0,24,0,2,2,2,36,1411075
1309,43,1,0,14,2,5,6,1,47,1070699
1310,22,0,1,13,3,1,9,0,35,1156972
1311,47,0,1,23,0,9,6,0,58,1640950
1312,22,1,0,21,0,5,5,0,58,1410413
1313,46,1,2,2,1,6,1,2,38,639305
1314,37,1,0,23,4,2,7,0,58,1478569
1315,53,0,0,22,4,10,0,2,57,1456778
1316,29,1,0,18,0,10,0,1,36,1270085
1317,59,0,0,24,2,1,5,0,55,1568023
1318,49,1,1,11,3,4,4,2,60,971163
1319,46,1,0,1,3,7,8,0,54,602592
1320,55,1,0,2,2,6,6,0,50,627333
1321,45,1,1,17,0,10,1,1,37,1291039
1322,44,1,0,28,3,1,6,0,51,1688198
1323,33,1,0,0,4,1,2,1,39,372354
1324,27,0,0,19,2,8,0,0,60,1314824
1325,56,1,0,20,1,4,10,0,42,1438420
1326,40,0,0,28,0,5,7,0,46,1739436
1327,21,1,1,5,2,7,2,0,59,805857
1328,28,1,0,4,3,8,10,0,57,732057
1329,36,0,0,0,0,10,7,0,46,537310
1330,34,1,1,18,4,7,6,1,35,1407355
1331,32,0,1,0,0,2,1,1,35,500993
1332,43,0,0,26,0,4,0,2,49,1564013
1333,35,1,0,20,4,10,6,0,51,1488022
1334,48,0,0,20,4,1,0,1,36,1230906
1335,54,0,0,15,0,10,5,0,51,1204868
1336,22,1,0,11,4,9,10,0,54,1061546
1337,52,0,0,26,2,3,9,1,60,1660855
1338,43,1,2,28,4,3,10,0,43,1919149
1339,42,1,0,21,4,10,9,1,46,1514381
1340,45,1,1,7,0,9,7,1,38,892684
1341,42,1,0,25,2,10,6,2,47,1602858
1342,42,0,1,15,1,3,3,2,38,1140330
1343,26,1,1,27,1,8,0,2,41,1730204
1344,35,1,1,0,3,2,0,2,48,409293
1345,57,0,0,3,4,3,3,0,43,611869
1346,53,1,0,9,4,2,4,0,57,825629
1347,28,1,0,10,2,1,6,2,35,795704
1348,25,0,1,16,1,2,3,1,35,1159776
1349,59,0,0,24,3,8,9,1,54,1615255
1350,24,0,0,26,2,9,0,1,38,1636281
1351,26,0,0,22,4,2,10,1,35,1435236
1352,52,0,0,6,1,7,9,0,56,852780
1353,50,0,0,11,3,5,6,1,44,914333
1354,55,0,0,20,0,3,1,1,36,1323205
1355,36,1,2,6,1,9,10,2,55,938946
1356,33,0,1,11,3,6,1,1,58,1020333
1357,50,0,2,14,2,1,7,0,49,1235277
1358,39,0,0,1,0,5,9,1,37,537606
1359,37,1,1,13,3,7,9,1,59,1132933
1360,39,1,1,12,3,4,9,0,57,1133514
1361,48,0,1,3,4,8,4,2,43,685958
1362,46,0,1,13,1,10,9,0,51,1223827
1363,57,0,0,13,4,5,1,2,55,963844
1364,46,1,1,15,0,9,4,1,47,1205792
1365,43,1,0,6,3,9,7,2,37,753695
1366,29,0,0,18,4,9,5,2,38,1280510
1367,32,1,0,1,1,1,2,2,38,392137
1368,21,0,2,9,0,2,7,1,45,1018410
1369,21,1,1,17,2,3,8,2,41,1264632
1370,54,1,2,28,4,4,4,2,60,1806790
1371,52,0,1,16,0,10,1,1,45,1268885
1372,45,0,0,4,2,9,1,0,58,721214
1373,21,0,0,11,4,10,6,0,45,1099544
1374,36,0,0,5,0,6,0,0,44,701870
1375,59,1,0,21,0,1,9,1,39,1387110
1376,25,1,0,8,4,9,1,1,47,791171
1377,42,1,0,19,0,6,9,0,46,1368589
1378,49,0,0,0,3,4,3,2,44,370077
1379,23,1,2,21,4,4,0,0,41,1567874
1380,32,0,0,14,0,3,3,1,53,1072246
1381,46,1,1,20,2,7,10,2,53,1462227
1382,36,0,1,25,2,3,9,2,53,1607937
1383,57,0,0,5,3,2,4,1,46,600754
1384,42,1,0,18,4,10,8,2,54,1299688
1385,49,0,0,17,0,8,0,0,56,1228048
1386,34,0,0,5,0,4,4,1,49,637568
1387,48,1,1,12,2,8,1,1,39,1109019
1388,25,0,0,0,3,1,8,1,58,403545
1389,50,0,0,22,2,5,5,1,48,1445217
1390,25,0,0,22,2,9,1,2,46,1434122
1391,32,1,2,25,3,1,2,1,55,1646746
1392,36,1,1,12,4,4,7,1,45,1042709
1393,46,0,1,6,0,6,0,2,39,727358
1394,46,1,0,14,4,10,2,1,50,1087023
1395,41,0,1,11,1,8,9,2,60,1051756
1396,59,0,1,26,1,3,0,2,52,1629175
1397,56,0,1,25,1,5,10,1,46,1709281
1398,53,0,2,0,3,7,10,0,39,723289
1399,50,0,0,14,2,1,7,1,50,1066097
1400,57,1,2,3,4,7,0,0,46,805681
1401,43,0,2,12,0,8,4,2,57,1145259
1402,30,1,0,22,1,8,3,0,36,1488839
1403,25,1,0,26,4,9,6,1,40,1663410
1404,56,0,2,24,1,6,4,1,57,1655447
1405,54,0,0,4,1,6,7,0,55,743665
1406,51,1,0,28,0,2,10,1,59,1687907
1407,30,1,2,1,3,3,0,0,38,612637
1408,39,1,0,22,2,4,4,2,47,1388196
1409,52,0,0,25,3,4,3,0,44,1579369
1410,21,1,0,0,4,8,2,0,51,474589
1411,25,0,0,15,3,1,4,0,48,1102560
1412,24,0,0,22,4,10,9,0,58,1545034
1413,36,0,0,5,4,4,2,2,49,569169
1414,44,1,1,22,2,4,7,2,42,1457239
1415,36,0,0,15,0,1,2,2,57,986415
1416,22,0,1,13,2,3,0,0,58,1137944
1417,48,0,1,28,3,5,8,2,52,1747484
1418,52,0,0,25,4,6,8,1,37,1624987
1419,47,0,1,2,1,9,5,2,59,616225
1420,40,1,0,14,1,9,9,0,51,1231104
1421,44,0,0,2,4,9,0,1,58,528936
1422,32,0,0,22,2,1,7,0,58,1457612
1423,55,1,2,28,0,9,1,1,41,1875952
1424,53,0,0,1,2,8,8,0,47,623945
1425,53,1,0,0,4,2,7,0,50,445380
1426,57,0,1,8,4,1,2,1,39,828298
1427,32,1,0,8,0,1,4,2,38,711260
1428,23,1,0,22,3,6,8,1,60,1468879
1429,21,0,0,6,3,9,0,1,44,704143
1430,53,0,1,2,0,7,8,1,47,677744
1431,30,0,1,25,3,5,3,1,44,1671949
1432,49,1,0,30,1,2,3,1,48,1739578
1433,33,1,0,17,3,1,3,0,60,1218331
1434,32,1,0,10,3,2,9,0,56,969815
1435,51,0,1,6,3,1,8,2,46,777519
1436,22,1,0,8,1,3,5,2,35,735178
1437,55,1,0,0,3,6,10,1,55,537857
1438,43,0,0,28,1,8,7,2,54,1752197
1439,37,1,0,13,0,3,3,2,54,961366
1440,46,1,0,19,2,10,2,1,41,1353955
1441,28,0,0,5,0,9,0,0,43,734911
1442,49,1,0,6,2,10,9,0,42,875619
1443,46,0,1,9,0,5,6,2,47,917296
1444,30,0,0,6,2,7,3,0,48,760791
1445,46,0,2,25,2,8,7,0,46,1795301
1446,54,0,0,1,4,3,2,2,42,412779
1447,27,0,1,29,2,2,0,1,55,1755894
1448,24,1,1,3,2,2,4,2,56,630618
1449,31,1,0,20,4,5,1,2,52,1297250
1450,49,0,0,29,3,1,2,2,50,1683994
1451,56,0,1,27,3,2,5,1,45,1710770
1452,45,1,0,16,4,9,2,1,50,1176300
1453,41,0,2,0,1,7,2,1,48,628235
1454,56,0,0,9,2,6,5,1,37,856485
1455,30,0,2,18,2,9,4,2,55,1420285
1456,57,1,0,30,4,7,9,0,36,1932555
1457,29,1,1,14,4,5,8,2,37,1146471
1458,44,0,1,9,1,9,0,1,38,951671
1459,55,0,1,18,3,6,2,0,56,1358270
1460,55,1,0,11,0,6,2,2,39,876698
1461,56,1,1,23,3,4,10,0,44,1675265
1462,38,0,0,15,2,1,5,1,54,1076729
1463,59,0,1,8,4,5,7,0,36,927171
1464,52,1,0,14,1,9,2,0,46,1193483
1465,44,1,1,29,3,8,2,1,39,1867684
1466,43,1,0,26,1,8,5,0,39,1721165
1467,52,0,1,27,3,5,7,2,57,1740948
1468,57,1,1,16,2,9,5,0,35,1342725
1469,32,0,1,13,0,3,9,2,38,1072450
1470,33,1,0,26,1,3,2,0,55,1595300
1471,43,1,0,17,1,1,3,0,58,1165441
1472,45,1,2,25,0,9,0,1,46,1712332
1473,55,1,0,1,1,6,7,1,46,503115
1474,50,0,0,30,1,2,3,2,50,1719997
1475,37,0,1,3,3,8,5,1,58,674615
1476,40,1,1,17,3,9,10,1,51,1357732
1477,45,0,0,6,0,9,2,1,55,729367
1478,42,1,1,12,2,2,10,1,44,1076738
1479,33,1,1,14,1,2,10,1,51,1124981
1480,39,1,0,24,2,7,5,2,51,1546881
1481,56,1,2,22,0,4,10,2,52,1606609
1482,32,0,0,27,0,1,8,1,36,1609566
1483,39,1,0,21,3,8,8,1,59,1486885
1484,32,1,0,30,1,2,9,2,38,1736728
1485,29,0,0,25,4,3,2,0,53,1573214
1486,27,1,2,0,0,5,2,2,45,563935
1487,48,1,0,10,1,3,3,0,51,915588
1488,34,1,0,9,2,7,6,1,46,865953
1489,51,0,0,24,3,7,2,1,36,1558408
1490,39,1,0,4,2,2,9,2,40,630904
1491,36,0,0,15,0,7,7,1,43,1159103
1492,25,1,0,10,0,6,10,0,39,1032949
1493,55,1,0,20,2,10,7,0,54,1485264
1494,32,0,1,5,0,9,5,2,55,753156
1495,45,1,0,8,1,9,3,0,43,865423
1496,41,1,0,12,0,2,10,2,57,962062
1497,56,0,0,23,3,7,10,2,42,1521805
1498,43,0,1,7,1,5,4,0,54,848987
1499,36,0,0,13,4,6,1,0,42,1087979
1500,59,0,0,23,0,1,5,0,56,1484597
1501,59,0,0,0,0,7,2,0,55,487868
1502,34,1,2,16,3,6,5,0,57,1418970
1503,51,0,0,23,3,4,4,0,40,1538805
1504,25,1,1,4,2,1,1,0,37,656636
1505,55,1,0,24,2,9,4,1,39,1587467
1506,43,1,0,1,2,4,4,2,43,422007
1507,49,0,1,24,3,2,8,2,41,1604864
1508,31,0,0,27,2,8,10,0,38,1754389
1509,38,1,1,29,2,2,7,2,41,1754458
1510,32,0,2,23,4,5,6,0,39,1721481
1511,29,0,1,8,2,6,2,1,45,912888
1512,30,0,0,3,0,8,9,2,49,659022
1513,37,0,1,16,3,1,3,2,36,1157400
1514,58,1,0,16,1,1,5,1,47,1149628
1515,27,1,1,20,4,4,2,1,56,1405857
1516,33,0,1,17,3,5,10,1,50,1359367
1517,29,1,1,15,3,9,8,2,41,1243527
1518,47,0,0,29,0,7,7,2,42,1795648
1519,22,0,0,7,2,7,5,1,40,765937
1520,25,1,0,25,0,8,3,1,58,1592672
1521,49,1,1,10,2,5,6,1,41,949112
1522,57,1,0,20,2,5,10,1,52,1385545
1523,58,0,0,20,3,1,2,1,56,1286355
1524,39,1,1,17,2,9,9,0,59,1460561
1525,28,0,0,22,4,6,7,1,56,1462082
1526,21,1,0,28,4,9,0,0,54,1788482
1527,42,1,0,23,4,3,2,2,41,1446098
1528,37,0,0,9,3,5,10,2,37,836304
1529,27,0,0,12,0,2,4,0,39,1012625
1530,45,0,0,16,1,10,4,1,35,1254551
1531,24,0,0,17,2,5,9,2,49,1221885
1532,56,0,0,9,1,8,1,1,60,890246
1533,26,0,1,15,0,2,9,1,37,1173588
1534,51,0,0,19,0,8,7,0,42,1387967
1535,39,0,0,4,3,4,4,2,59,564256
1536,59,1,2,12,4,10,6,2,43,1196348
1537,47,0,0,17,4,10,6,0,49,1318052
1538,30,0,0,16,0,1,4,1,44,1132479
1539,46,1,1,8,3,5,7,1,36,926200
1540,39,0,2,13,3,1,8,2,54,1093506
1541,59,1,1,16,2,7,3,0,39,1288709
1542,23,1,1,28,4,8,3,0,53,1878535
1543,33,0,1,30,0,3,7,1,47,1876840
1544,48,1,0,3,1,3,0,1,45,541587
1545,40,0,1,17,4,7,3,0,35,1372321
1546,48,1,0,26,2,4,5,2,56,1581202
1547,28,1,2,19,3,3,3,1,49,1431588
1548,59,1,0,23,0,8,5,0,60,1534090
1549,21,0,0,23,4,3,4,0,52,1522231
1550,23,0,0,14,1,7,8,0,50,1159552
1551,33,1,1,10,2,2,9,2,43,939741
1552,48,1,0,11,2,1,8,1,35,902661
1553,45,0,1,8,4,6,3,1,45,887025
1554,53,0,1,12,1,8,3,1,43,1056092
1555,58,1,0,14,2,1,7,2,57,1013674
1556,26,1,1,26,0,10,9,1,45,1752570
1557,52,0,1,14,2,9,3,1,47,1164084
1558,41,0,1,27,1,3,1,1,60,1714843
1559,36,0,0,4,3,3,1,1,36,594752
1560,41,0,0,22,3,4,0,2,48,1387278
1561,31,0,0,18,4,1,4,0,40,1214765
1562,57,1,0,25,1,9,5,0,42,1657198
1563,56,0,2,19,2,3,8,1,52,1476201
1564,55,1,0,25,2,10,4,1,50,1660271
1565,39,0,1,24,3,4,5,1,55,1605199
1566,40,1,0,25,3,1,5,2,46,1468377
1567,38,0,0,25,0,4,2,1,45,1578833
1568,34,0,1,13,3,1,3,2,40,989036
1569,35,1,1,27,0,5,0,1,37,1705364
1570,51,1,0,16,2,5,3,1,48,1151443
1571,21,0,0,17,0,7,0,0,36,1210663
1572,23,0,0,20,0,8,4,1,45,1377244
1573,36,0,0,2,4,4,10,2,56,556391
1574,43,0,0,1,3,7,10,0,37,646564
1575,31,0,0,0,0,4,7,2,52,399077
1576,32,1,0,9,2,3,7,0,35,914849
1577,30,1,1,18,1,6,4,2,58,1293631
1578,52,0,0,16,0,4,9,0,35,1252652
1579,36,1,0,11,3,3,1,2,46,886446
1580,28,1,0,0,4,9,5,2,49,461500
1581,58,1,1,11,2,5,0,1,39,964897
1582,32,0,1,16,4,7,6,0,40,1350915
1583,44,1,0,23,1,6,10,0,50,1584377
1584,48,0,1,30,0,10,3,1,46,1960670
1585,28,1,0,2,0,5,4,2,46,488897
1586,48,0,0,10,3,7,5,2,37,901280
1587,56,1,0,16,0,6,10,0,57,1289320
1588,46,0,0,22,2,10,0,2,36,1462592
1589,28,0,1,25,1,2,8,0,41,1721289
1590,48,1,1,2,4,3,9,0,36,669941
1591,48,0,0,7,1,2,3,2,55,657234
1592,57,0,1,19,0,3,7,2,41,1382172
1593,56,0,0,3,4,1,4,2,45,462376
1594,47,0,0,20,3,8,10,1,45,1416783
1595,37,0,0,21,1,6,7,0,48,1474249
1596,29,0,0,6,4,2,0,2,37,617025
1597,53,0,0,13,4,8,7,1,48,1063447
1598,40,0,0,13,4,6,10,2,45,1033713
1599,33,1,0,3,2,7,10,0,38,663858
1600,48,1,0,15,1,1,3,1,51,1072115
1601,49,0,1,23,4,7,1,0,50,1626834
1602,33,0,0,28,1,3,10,2,37,1660539
1603,55,1,2,21,4,8,5,2,59,1574983
1604,26,1,0,29,3,6,1,2,44,1683857
1605,38,1,1,0,3,4,4,1,55,475364
1606,25,0,1,16,3,8,1,1,49,1279985
1607,45,1,1,24,0,9,2,1,42,1653169
1608,22,0,0,9,4,10,10,1,52,936078
1609,30,0,1,21,0,2,5,2,37,1406574
1610,50,1,0,15,1,6,0,2,41,1027869
1611,25,0,0,15,0,5,5,2,44,1117624
1612,53,0,0,25,1,5,2,1,54,1551075
1613,21,0,0,7,1,10,6,1,43,796659
1614,38,0,0,28,1,3,1,2,48,1620370
1615,52,1,2,6,0,8,5,2,57,894185
1616,31,1,1,27,4,8,7,1,48,1836921
1617,41,0,0,5,0,5,0,0,45,688751
1618,46,0,2,15,4,8,10,2,35,1343758
1619,45,1,0,19,4,10,10,2,38,1340131
1620,42,0,2,15,1,8,8,2,60,1266358
1621,47,1,0,6,0,3,4,1,40,705371
1622,33,0,0,8,4,2,4,2,56,775139
1623,53,0,1,13,3,9,4,2,60,1101246
1624,54,1,1,10,4,2,5,2,56,891216
1625,55,1,1,25,3,9,1,2,39,1642209
1626,21,1,2,25,0,4,5,2,37,1685987
1627,41,1,1,13,0,2,10,0,36,1149577
1628,26,0,1,6,0,10,3,0,37,896320
1629,48,1,1,0,4,1,7,2,43,439301
1630,37,0,1,25,2,4,10,2,53,1688051
1631,25,1,0,24,4,9,8,2,53,1532891
1632,51,1,1,12,4,9,8,2,51,1093972
1633,25,0,0,19,1,4,7,1,52,1319457
1634,58,1,1,30,1,9,2,1,45,1918435
1635,23,1,1,2,4,6,9,1,46,644932
1636,43,1,1,19,3,1,10,0,37,1391192
1637,57,1,1,3,1,10,10,2,52,711128
1638,57,0,1,28,4,6,3,1,58,1768836
1639,30,0,0,25,2,9,0,2,40,1537837
1640,30,1,1,10,3,2,8,2,41,920778
1641,39,1,0,1,0,6,4,0,35,552130
1642,37,1,0,13,4,2,5,0,40,1025708
1643,41,0,0,11,4,4,2,1,52,893232
1644,34,0,0,29,3,8,10,1,47,1848266
1645,29,0,0,16,1,7,9,0,56,1275412
1646,21,0,1,11,1,9,7,0,53,1103782
1647,33,1,0,25,1,7,6,2,41,1598196
1648,24,1,0,11,0,1,0,2,53,813315
1649,21,1,0,0,3,2,9,1,43,416052
1650,52,0,0,12,3,6,4,1,37,973521
1651,54,1,1,13,1,7,9,0,57,1250434
1652,48,0,0,23,1,3,8,1,46,1514690
1653,51,0,0,29,2,9,10,2,54,1808546
1654,28,1,0,1,2,7,5,0,58,608345
1655,59,1,0,11,4,6,7,2,52,928972
1656,46,1,0,25,4,6,9,0,42,1707059
1657,54,0,0,20,3,1,0,0,43,1336385
1658,23,0,1,27,3,5,9,2,47,1729030
1659,32,1,1,15,0,10,10,1,42,1305376
1660,21,1,0,3,0,3,6,1,56,606400
1661,25,0,2,7,2,7,2,1,44,953412
1662,50,1,0,1,4,10,8,1,51,557055
1663,50,0,0,9,2,3,5,2,41,786493
1664,37,0,2,8,2,5,4,0,51,1036861
1665,43,1,0,22,4,7,7,2,57,1446775
1666,35,1,2,14,0,3,7,1,52,1233057
1667,57,1,0,12,4,10,2,1,58,1022253
1668,41,1,0,22,1,2,1,2,36,1353884
1669,34,0,0,16,1,6,1,0,37,1236497
1670,22,0,1,29,1,8,4,2,53,1810705
1671,31,0,1,15,3,4,9,2,35,1199676
1672,59,1,1,27,0,9,6,2,55,1810045
1673,58,0,0,1,0,8,7,0,55,564101
1674,54,1,0,19,3,7,9,2,44,1353495
1675,58,1,0,19,2,7,7,2,55,1279743
1676,54,1,0,26,1,3,7,1,48,1580951
1677,38,1,2,13,1,6,9,2,47,1166014
1678,50,1,0,2,2,5,10,1,43,576180
1679,35,1,1,22,4,1,2,1,40,1464977
1680,47,0,1,11,4,3,10,1,40,1060534
1681,54,1,0,7,0,1,1,0,53,758209
1682,58,0,1,1,3,4,3,1,55,548908
1683,53,0,0,3,0,10,0,2,44,585918
1684,44,1,0,13,4,3,2,2,57,925219
1685,35,1,0,15,2,4,10,1,37,1120163
1686,50,1,0,18,0,9,8,1,52,1294470
1687,37,0,0,1,1,3,6,2,55,425543
1688,25,1,0,11,1,6,6,1,53,944276
1689,49,0,0,28,2,6,0,0,39,1728881
1690,24,1,0,13,4,7,6,1,59,1105950
1691,30,1,1,5,1,9,9,0,45,852749
1692,37,0,1,12,1,7,6,0,44,1136182
1693,30,0,0,3,3,1,3,0,51,608450
1694,37,1,0,21,0,8,6,1,38,1420383
1695,40,0,1,17,4,5,7,0,60,1399578
1696,44,0,0,11,0,9,2,0,55,1004412
1697,25,0,1,19,4,10,9,1,52,1450181
1698,54,0,0,26,1,5,1,0,52,1642898
1699,26,0,0,21,3,5,6,1,35,1422630
1700,22,1,0,29,0,2,4,2,48,1644405
1701,33,1,0,20,1,3,4,0,42,1338862
1702,31,0,1,18,4,10,4,1,36,1406679
1703,43,1,0,7,0,9,6,2,53,779688
1704,36,1,1,6,0,7,8,0,49,906017
1705,51,0,1,15,1,1,10,0,36,1219939
1706,31,1,0,18,0,3,7,1,38,1251585
1707,36,0,1,5,3,2,5,2,35,671942
1708,28,0,0,19,3,1,6,1,53,1230272
1709,24,1,0,26,1,9,8,0,55,1746134
1710,24,0,1,20,4,8,10,0,44,1540265
1711,45,0,0,10,1,5,5,0,35,958192
1712,23,0,0,4,3,2,0,0,54,592668
1713,52,0,0,15,2,1,3,2,56,1060283
1714,23,0,0,6,2,7,7,2,49,699297
1715,47,1,1,26,0,2,6,1,38,1696005
1716,49,1,1,4,0,1,2,1,41,656434
1717,52,0,1,10,2,2,9,1,41,1000749
1718,39,0,1,14,3,7,2,0,56,1171607
1719,41,1,0,2,0,7,10,1,59,623183
1720,25,0,0,25,1,10,2,2,52,1597305
1721,38,1,0,4,1,6,0,1,47,589973
1722,48,0,0,22,3,5,9,1,44,1455117
1723,42,0,0,20,0,3,0,2,58,1223645
1724,41,0,2,4,1,3,5,2,42,728238
1725,26,0,0,8,0,9,0,0,44,897694
1726,21,0,0,14,0,4,4,2,48,1031773
1727,25,0,0,2,1,9,3,2,48,518786
1728,32,0,1,28,2,4,4,1,54,1770693
1729,46,1,1,5,1,2,6,2,56,683578
1730,54,1,0,16,3,4,5,0,45,1214408
1731,34,1,0,25,4,6,8,1,40,1640702
1732,46,0,1,20,1,6,5,0,55,1467076
1733,47,0,0,7,0,5,8,2,35,738377
1734,29,0,0,20,0,1,3,0,53,1305278
1735,46,0,1,24,1,3,0,0,41,1620808
1736,42,0,1,10,4,5,0,2,58,903539
1737,50,0,0,5,1,6,9,2,52,660440
1738,37,0,1,7,4,1,6,1,37,791245
1739,46,1,1,9,4,9,2,1,54,941097
1740,56,0,0,23,3,3,1,1,45,1462703
1741,21,1,2,28,0,10,5,2,39,1917092
1742,28,1,1,2,0,3,5,0,53,607151
1743,55,0,1,22,4,2,6,0,55,1523698
1744,35,0,1,13,0,8,4,1,58,1120601
1745,42,1,0,22,2,3,7,1,58,1418807
1746,34,1,0,13,4,6,6,2,36,1030302
1747,46,0,0,9,0,2,1,0,56,805039
1748,48,0,0,11,2,7,0,1,38,936427
1749,43,1,0,5,3,4,8,2,59,688839
1750,34,0,1,11,0,9,4,1,44,1083049
1751,44,0,1,22,2,10,10,2,36,1569053
1752,22,0,1,13,1,9,4,0,42,1220413
1753,46,1,1,1,1,7,9,2,35,626958
1754,34,1,1,8,2,8,3,1,40,901275
1755,27,1,0,9,4,3,1,1,45,785597
1756,23,0,0,25,4,5,4,0,44,1654521
1757,43,0,0,16,0,2,1,0,47,1180908
1758,38,1,1,16,1,10,6,1,35,1333188
1759,58,1,0,2,4,7,10,1,36,598710
1760,55,1,1,29,4,8,8,1,37,1930486
1761,35,0,0,30,1,9,8,0,43,1931050
1762,45,1,1,18,3,7,10,1,39,1413249
1763,57,1,1,0,4,10,5,0,44,634247
1764,48,0,1,11,2,10,0,1,44,1075162
1765,30,0,2,6,0,8,5,2,46,862408
1766,59,0,1,3,4,9,4,2,52,711313
1767,37,1,2,9,4,6,3,1,60,1031683
1768,59,0,2,12,3,10,5,2,55,1135443
1769,42,0,1,1,2,2,5,0,55,549079
1770,46,1,1,9,0,2,5,2,35,867345
1771,45,0,0,20,4,4,1,2,37,1248901
1772,37,1,0,21,0,9,6,0,39,1528759
1773,33,1,0,24,1,7,3,2,59,1510732
1774,40,0,0,3,4,2,8,2,60,582304
1775,45,0,0,17,4,8,9,1,51,1260507
1776,24,0,2,4,1,7,1,0,42,817391
1777,30,0,1,18,3,9,4,0,51,1424171
1778,23,0,1,1,4,8,3,1,43,606730
1779,38,0,0,11,0,3,8,1,40,912485
1780,56,1,0,16,2,1,3,2,51,1073748
1781,42,1,0,9,0,2,7,2,42,768878
1782,54,0,0,1,3,2,7,2,55,406949
1783,28,1,0,5,2,4,5,1,41,643881
1784,39,0,0,7,0,6,5,0,41,838306
1785,57,1,2,28,0,4,10,2,49,1827958
1786,26,1,1,18,1,9,7,1,41,1423185
1787,46,1,0,10,3,4,9,0,56,938697
1788,54,0,0,30,1,6,8,1,42,1811493
1789,26,1,0,24,2,6,4,2,43,1506801
1790,57,0,0,30,1,10,10,1,49,1881199
1791,53,1,2,11,3,10,0,1,36,1140792
1792,42,1,0,8,4,1,0,1,41,716488
1793,41,1,0,1,4,8,1,1,49,489493
1794,26,1,0,7,2,3,9,0,52,832002
1795,26,1,0,25,4,6,9,2,56,1572731
1796,24,0,1,10,1,3,4,0,52,965076
1797,50,0,1,27,2,2,3,1,44,1654071
1798,31,1,1,20,3,5,0,1,56,1417602
1799,50,1,0,3,2,1,3,2,52,492410
1800,51,1,0,9,2,9,3,2,35,871327
1801,44,1,0,20,0,7,9,0,41,1477072
1802,29,0,1,19,0,3,3,0,37,1396041
1803,23,1,0,15,2,4,0,2,48,1056326
1804,51,0,0,7,4,6,8,0,46,849549
1805,57,1,1,3,0,3,2,1,48,630096
1806,56,0,1,28,3,7,3,1,38,1813578
1807,44,1,0,9,1,6,4,2,47,835390
1808,51,1,0,11,0,9,6,0,50,1057052
1809,26,0,0,28,2,5,5,1,50,1713167
1810,22,1,1,13,4,4,4,2,56,1079587
1811,40,1,0,15,1,3,7,0,39,1188292
1812,48,1,2,21,0,10,0,1,54,1600419
1813,31,0,0,17,4,1,6,0,59,1227139
1814,24,1,2,20,4,3,5,0,40,1496707
1815,35,1,1,21,4,3,10,0,40,1514140
1816,26,0,0,20,2,7,4,2,52,1307093
1817,50,0,1,11,3,7,6,1,40,1089043
1818,58,0,0,17,4,1,2,2,41,1078830
1819,22,1,2,29,1,3,0,1,58,1831608
1820,35,1,1,6,0,8,8,1,58,867287
1821,31,1,0,19,1,9,1,2,50,1284427
1822,28,0,1,23,2,7,9,2,43,1579395
1823,46,1,2,22,2,7,2,1,60,1567970
1824,25,1,0,6,1,8,7,1,47,802218
1825,26,0,0,8,3,6,9,1,46,890475
1826,46,0,1,0,2,3,8,0,53,614362
1827,24,0,1,25,2,1,2,1,60,1566371
1828,39,0,0,5,1,7,5,2,57,648266
1829,40,0,0,5,2,1,6,2,57,584195
1830,53,1,0,21,3,1,0,2,35,1264315
1831,40,0,0,28,3,9,6,1,42,1801246
1832,32,1,0,11,3,10,3,1,38,990581
1833,21,1,2,21,0,7,4,0,55,1616537
1834,46,0,0,11,3,4,7,0,56,1038697
1835,34,0,1,9,3,6,3,2,53,936265
1836,58,0,0,22,0,1,3,0,55,1408184
1837,57,1,0,29,4,7,7,0,60,1828279
1838,31,0,0,25,2,6,4,2,39,1535570
1839,56,0,0,5,3,4,5,1,51,666030
1840,33,0,1,16,2,7,10,0,37,1386245
1841,23,0,2,18,1,3,4,1,53,1393467
1842,53,0,1,17,2,1,0,2,35,1172133
1843,26,1,2,5,0,4,6,2,57,829731
1844,30,1,1,23,2,3,5,0,35,1594805
1845,25,1,0,18,2,1,1,2,57,1153998
1846,43,0,1,9,2,2,10,2,54,886238
1847,30,0,1,23,4,5,6,2,43,1571264
1848,22,0,0,7,4,8,5,0,57,859245
1849,33,1,1,20,1,1,4,0,39,1407557
1850,22,0,0,23,0,4,7,0,41,1569474
1851,40,0,0,5,2,4,4,2,59,650667
1852,21,0,1,20,2,5,10,1,60,1495074
1853,57,1,0,24,2,7,1,2,40,1510204
1854,29,0,0,29,2,8,5,0,51,1826575
1855,37,1,2,6,4,6,0,1,56,878024
1856,29,0,1,23,1,1,4,1,51,1489069
1857,31,1,0,0,3,7,5,0,47,508400
1858,35,1,1,26,0,3,6,1,46,1668146
1859,44,1,0,17,2,6,1,1,38,1161846
1860,58,0,0,23,1,8,0,0,42,1531352
1861,55,0,2,27,3,7,5,1,39,1822694
1862,50,1,1,24,1,10,2,1,39,1627740
1863,51,1,0,19,4,6,4,0,47,1368438
1864,25,0,1,11,3,9,10,1,60,1103996
1865,34,0,1,15,1,9,1,1,45,1244874
1866,31,1,0,9,4,1,0,1,42,786682
1867,29,0,0,26,1,1,0,1,42,1536200
1868,54,0,0,9,1,1,10,0,35,879970
1869,32,0,1,13,3,8,3,2,47,1075895
1870,55,0,1,24,4,10,9,2,39,1670071
1871,55,1,1,19,2,7,1,1,55,1389268
1872,21,0,2,9,0,3,0,0,42,973258
1873,42,0,1,9,3,2,5,0,51,966300
1874,49,1,0,25,4,4,3,1,57,1568915
1875,28,1,0,24,1,3,9,2,57,1476444
1876,31,0,0,10,4,7,6,1,47,967147
1877,57,0,0,22,0,10,10,0,43,1626064
1878,34,0,1,1,0,8,5,0,36,687535
1879,50,0,1,24,2,6,4,2,53,1547760
1880,55,1,0,19,2,3,9,0,54,1359884
1881,41,1,0,7,0,6,1,0,51,781022
1882,57,1,1,29,3,2,4,0,41,1855504
1883,25,0,0,22,3,7,8,2,60,1461130
1884,39,0,0,28,1,10,8,0,37,1847881
1885,34,0,0,30,2,7,1,1,53,1814399
1886,46,0,0,6,1,4,6,2,53,682451
1887,24,1,2,7,2,8,9,1,58,994413
1888,45,1,0,0,0,4,3,1,43,444278
1889,45,0,0,20,3,7,2,2,44,1309639
1890,38,1,0,1,3,4,10,1,48,517621
1891,28,0,2,17,0,5,0,2,52,1268079
1892,59,0,0,14,1,7,2,1,60,1046895
1893,34,1,0,0,1,10,10,2,49,532142
1894,52,0,0,4,4,3,8,0,60,652552
1895,58,0,0,1,2,10,8,0,35,637821
1896,53,1,0,19,1,5,6,1,59,1306630
1897,43,0,1,2,0,3,2,0,40,652063
1898,35,0,0,18,1,5,2,2,49,1178247
1899,53,1,0,17,3,3,3,1,59,1152603
1900,45,0,1,28,2,10,6,0,40,1913564
1901,37,1,0,21,4,7,6,0,52,1437527
1902,53,0,0,17,2,1,1,1,35,1151521
1903,22,1,0,13,3,9,4,0,58,1153458
1904,34,1,2,29,3,9,6,0,37,1976849
1905,59,1,0,23,3,5,6,1,51,1503314
1906,26,0,1,7,3,9,5,0,50,948724
1907,26,1,1,28,0,10,9,0,42,1909230
1908,23,1,0,29,4,6,9,0,51,1881495
1909,27,1,2,11,3,5,7,0,42,1163730
1910,28,1,0,20,3,3,2,1,51,1265323
1911,35,1,0,9,1,8,0,2,59,781445
1912,49,0,1,22,4,4,2,2,43,1423963
1913,53,0,1,19,2,10,10,0,46,1545511
1914,50,0,1,16,4,3,1,0,59,1219437
1915,59,0,0,10,4,6,1,2,53,826855
1916,47,0,0,1,4,8,1,0,38,519847
1917,56,0,1,25,3,9,4,2,55,1628236
1918,49,0,0,25,3,6,0,1,56,1568897
1919,58,1,0,3,0,5,9,1,59,590487
1920,53,0,0,0,2,2,3,1,45,435384
1921,57,1,0,14,1,2,9,1,38,1098423
1922,47,1,1,12,4,9,4,1,48,1083155
1923,53,0,0,7,2,2,1,1,48,668255
1924,24,1,2,24,2,2,4,2,40,1567979
1925,42,1,0,3,0,3,9,0,51,624305
1926,22,1,1,9,1,3,3,2,36,899543
1927,30,1,0,18,4,4,7,1,42,1259094
1928,25,0,0,17,1,7,0,0,38,1244098
1929,30,0,0,4,0,9,4,0,44,713770
1930,53,0,0,29,3,2,10,1,41,1728734
1931,58,0,0,18,2,4,9,1,38,1311984
1932,33,0,2,25,4,9,0,1,50,1732605
1933,51,0,1,22,3,2,9,1,48,1553932
1934,56,0,0,26,0,10,9,1,50,1727619
1935,44,0,0,21,1,1,3,1,59,1318881
1936,35,0,0,15,2,10,7,0,43,1274401
1937,49,0,0,0,4,8,0,1,38,437177
1938,28,1,1,11,3,9,10,1,58,1113122
1939,25,0,2,23,3,7,1,0,40,1672297
1940,49,1,0,1,2,8,0,2,35,457680
1941,24,1,0,20,1,4,10,1,41,1389044
1942,32,1,0,24,0,4,6,0,35,1580084
1943,22,1,1,7,1,2,1,0,53,821189
1944,47,0,0,17,1,8,0,2,42,1154510
1945,51,1,1,24,1,2,5,1,59,1556152
1946,56,0,1,15,2,9,5,1,37,1239445
1947,56,0,0,4,2,4,9,1,35,686688
1948,46,1,1,25,0,1,1,0,35,1656153
1949,47,0,0,29,1,4,0,1,41,1664195
1950,25,1,1,21,2,3,9,1,55,1502949
1951,40,1,0,12,0,6,2,1,47,963433
1952,31,0,0,18,0,7,9,1,35,1281305
1953,30,0,2,28,1,8,4,2,50,1876860
1954,58,1,1,2,4,2,5,2,56,587613
1955,26,0,1,25,1,6,2,2,56,1621648
1956,28,0,0,7,4,6,8,1,48,824090
1957,43,0,1,26,0,10,10,1,38,1802113
1958,46,1,0,25,2,5,4,0,57,1619642
1959,32,1,1,25,3,10,1,0,57,1726062
1960,46,0,0,30,0,10,9,0,46,1973633
1961,33,0,2,11,2,7,5,1,59,1120604
1962,38,0,2,1,0,3,7,2,46,573678
1963,45,0,1,10,1,4,10,2,51,970121
1964,53,0,0,11,4,10,5,2,55,983503
1965,32,1,0,27,0,9,3,1,49,1728279
1966,56,0,1,17,2,4,5,2,44,1229494
1967,24,1,0,12,1,3,7,0,37,1036185
1968,25,0,1,4,3,2,7,0,57,709678
1969,57,1,0,21,1,5,9,2,54,1394632
1970,28,0,0,11,4,4,1,0,54,957235
1971,48,1,2,1,1,8,7,2,46,628648
1972,51,0,1,30,3,7,5,2,35,1901917
1973,29,1,0,4,2,6,1,0,35,636489
1974,49,1,0,6,0,2,0,0,44,731281
1975,34,1,0,25,4,3,5,0,52,1566818
1976,42,1,1,25,3,10,6,0,49,1766149
1977,31,1,0,23,4,9,9,2,36,1522312
1978,43,1,2,11,1,9,4,0,51,1182124
1979,21,0,1,15,4,5,9,0,42,1248316
1980,57,1,0,22,3,3,7,1,56,1462990
1981,41,0,1,7,0,2,10,0,56,919046
1982,46,0,0,29,0,8,8,0,60,1903643
1983,56,0,0,27,4,6,3,2,60,1660610
1984,43,0,2,8,2,10,6,2,43,1022042
1985,21,0,0,14,4,7,7,1,55,1103102
1986,35,1,0,4,1,1,5,0,54,623957
1987,41,1,0,12,0,1,1,0,45,932872
1988,29,1,0,4,0,10,6,0,40,758094
1989,29,0,0,10,0,2,8,0,58,945719
1990,30,1,1,9,2,10,4,0,48,1070885
1991,46,1,1,19,2,3,1,0,35,1358693
1992,55,1,1,12,3,1,3,1,41,1016478
1993,45,1,0,8,4,5,2,0,58,839677
1994,46,1,0,20,4,3,3,0,43,1380012
1995,31,0,0,13,1,1,9,0,45,1039760
1996,58,1,0,17,0,8,6,1,58,1230584
1997,22,0,0,14,2,6,9,0,57,1136106
1998,27,0,0,9,1,9,7,1,50,892669
1999,38,0,0,23,1,3,0,2,53,1376223
2000,47,0,0,30,2,9,7,0,36,1934666
2001,54,0,2,6,4,9,4,1,49,905706
2002,47,1,2,7,0,1,6,2,37,873019
2003,37,1,1,27,4,3,10,1,38,1782585
2004,44,1,2,2,1,6,10,1,54,729482
2005,45,0,1,30,0,8,0,2,56,1866369
2006,27,1,0,14,3,4,1,0,41,1080143
2007,26,1,0,15,1,5,0,0,46,1119240
2008,44,0,1,3,4,9,4,1,38,675015
2009,53,0,1,20,4,6,5,2,44,1435023
2010,49,0,1,5,4,7,9,0,40,872500
2011,42,0,1,0,2,7,8,1,59,601925
2012,46,1,0,3,1,4,7,2,56,568631
2013,48,0,1,10,0,4,6,1,48,1012190
2014,41,0,2,11,4,4,4,2,37,1068652
2015,27,1,0,25,4,5,2,0,51,1612087
2016,37,1,1,28,2,5,8,0,45,1903789
2017,40,0,0,4,0,8,4,1,44,672909
2018,40,1,1,22,1,9,2,0,60,1565565
2019,42,0,1,28,3,2,2,0,55,1767597
2020,48,0,0,20,2,7,2,2,44,1345623
2021,27,1,1,15,1,1,5,0,44,1176432
2022,21,1,0,12,3,1,0,2,37,906300
2023,52,0,1,12,4,4,10,2,58,1093714
2024,33,0,0,16,4,10,3,1,60,1223314
2025,50,0,1,26,0,7,7,2,49,1711965
2026,43,1,0,6,3,2,2,0,51,737957
2027,39,0,1,7,4,2,4,2,52,774715
2028,52,0,0,12,4,1,1,2,53,893450
2029,50,0,1,22,0,10,1,1,53,1569902
2030,49,0,2,26,1,2,10,0,46,1812317
2031,49,0,2,15,4,7,6,0,58,1383753
2032,50,1,1,29,2,9,9,0,39,1960242
2033,36,0,1,28,2,6,2,2,58,1708929
2034,39,0,0,30,1,10,4,0,50,1875580
2035,38,0,0,3,3,2,2,0,49,555742
2036,21,0,0,7,0,10,5,2,49,772833
2037,34,1,1,15,2,10,9,1,40,1328347
2038,22,1,2,30,2,9,2,1,46,2008155
2039,48,1,0,20,1,7,7,2,36,1333527
2040,50,0,2,9,3,1,1,1,54,943139
2041,58,0,1,24,3,9,2,1,43,1663585
2042,24,1,1,11,1,2,7,1,38,1006057
2043,21,1,0,11,2,4,7,0,39,1026439
2044,28,1,0,25,0,9,0,1,55,1587261
2045,49,0,0,4,2,4,7,0,60,714912
2046,59,0,1,15,3,3,9,1,42,1173042
2047,23,1,0,0,2,1,1,0,56,402769
2048,52,1,0,27,0,7,6,2,44,1694113
2049,30,1,1,8,4,6,5,2,41,909918
2050,30,0,1,11,2,10,1,1,56,1035449
2051,39,0,2,4,1,4,4,0,48,808653
2052,54,0,0,21,4,6,6,2,39,1373859
2053,53,1,0,19,1,6,7,2,50,1271576
2054,43,1,1,21,1,4,2,2,49,1414874
2055,48,0,0,27,1,6,0,2,39,1644199
2056,52,1,0,23,2,10,6,1,37,1549345
2057,27,0,0,2,3,8,4,0,57,648780
2058,49,1,0,4,4,3,4,2,44,597428
2059,28,1,0,1,0,4,6,1,39,455321
2060,21,1,0,13,3,10,0,2,57,990776
2061,23,1,0,1,2,1,7,2,49,409119
2062,44,0,0,12,1,4,9,2,52,970569
2063,43,1,1,6,0,10,4,2,59,820596
2064,28,0,0,9,4,10,7,1,42,943967
2065,57,0,1,12,3,9,9,0,55,1193063
2066,23,0,0,15,3,8,9,1,36,1175340
2067,53,1,0,25,0,4,4,1,56,1590723
2068,48,0,1,13,2,7,6,1,42,1162430
2069,28,0,0,10,4,10,9,2,57,928668
2070,54,0,0,9,0,3,2,0,42,825195
2071,55,1,0,5,1,9,1,2,38,678995
2072,52,1,2,3,4,10,5,1,53,793250
2073,44,0,0,20,3,4,4,2,57,1276076
2074,34,1,0,0,0,2,8,0,52,463376
2075,52,0,1,6,3,10,9,0,55,957839
2076,36,0,0,23,3,5,3,2,57,1463723
2077,24,1,0,8,3,2,10,1,35,817442
2078,57,0,0,7,2,10,2,2,54,736392
2079,41,1,1,4,3,6,8,1,49,733106
2080,34,1,0,18,1,10,7,0,52,1425845
2081,51,0,0,9,1,1,5,2,56,761809
2082,38,1,0,10,4,6,0,0,46,882693
2083,27,1,1,24,3,4,9,1,35,1649821
2084,30,0,0,14,3,3,10,1,41,1130159
2085,27,0,2,5,0,2,0,2,53,753710
2086,53,1,0,14,2,7,5,2,35,1045352
2087,43,1,2,4,4,9,2,2,58,786196
2088,41,0,2,28,3,3,2,0,41,1893066
2089,39,1,0,18,0,6,5,1,36,1236992
2090,39,1,0,21,2,9,2,1,41,1432076
2091,56,1,0,18,4,2,10,0,53,1297354
2092,49,1,0,9,4,7,9,2,47,844312
2093,38,1,1,11,3,5,5,2,59,1000833
2094,22,1,0,21,4,5,4,0,58,1401318
2095,21,1,0,3,0,7,3,1,39,619003
2096,25,0,0,30,4,9,7,1,57,1851192
2097,40,0,2,17,1,4,1,1,53,1318489
2098,31,0,0,15,0,9,10,1,35,1213309
2099,22,0,0,7,2,10,6,0,35,871273
2100,23,0,0,3,2,9,3,1,52,624553
2101,43,1,2,24,3,4,1,0,58,1675473
2102,32,1,1,22,3,3,6,2,35,1495410
2103,40,1,0,11,1,2,0,0,39,892679
2104,25,1,0,1,2,9,3,1,43,532310
2105,57,0,0,3,2,2,8,2,46,563683
2106,58,1,0,4,2,6,3,0,43,661992
2107,50,1,2,2,2,5,2,0,52,705433
2108,29,0,1,8,4,5,9,0,57,1008574
2109,54,1,0,28,0,4,9,2,45,1685933
2110,55,1,1,20,0,6,1,0,35,1465020
2111,42,0,0,17,1,5,2,1,53,1180236
2112,44,1,1,10,4,4,0,2,56,916735
2113,37,1,1,2,2,9,9,2,59,639770
2114,30,1,0,29,2,6,7,0,44,1862285
2115,50,1,1,30,3,10,0,1,36,1895271
2116,43,1,0,24,3,10,2,2,41,1569391
2117,52,0,0,22,1,10,2,0,54,1509439
2118,37,0,0,1,2,3,1,1,36,410101
2119,37,0,0,8,1,10,4,0,53,916917
2120,34,0,1,13,4,6,9,0,40,1210196
2121,29,0,2,3,0,1,2,2,44,616569
2122,22,0,1,28,2,5,2,2,43,1737887
2123,45,1,1,8,4,10,7,0,42,996893
2124,59,0,1,30,2,6,3,2,60,1861304
2125,29,0,0,12,3,8,3,2,45,972399
2126,42,1,0,17,1,9,2,1,43,1224236
2127,24,1,0,14,3,3,10,1,54,1105531
2128,46,0,1,27,0,2,0,0,54,1688442
2129,49,1,2,9,3,4,7,0,43,1075437
2130,54,0,0,15,2,8,0,0,42,1191342
2131,43,1,1,11,3,8,6,0,49,1157179
2132,57,0,1,19,2,3,4,1,36,1348069
2133,31,1,0,4,0,4,3,2,58,605246
2134,26,1,0,1,3,3,3,1,35,453560
2135,38,0,0,9,1,10,7,0,43,999070
2136,41,0,0,0,1,2,10,0,43,506427
2137,56,0,0,6,1,4,10,1,47,768496
2138,58,0,0,25,3,6,5,1,42,1611557
2139,54,0,0,16,3,5,0,0,55,1212752
2140,37,1,0,15,3,3,9,2,39,1140248
2141,57,0,1,26,2,2,7,0,37,1760441
2142,45,0,0,26,0,9,1,1,55,1644534
2143,58,1,1,23,1,1,5,0,38,1554930
2144,32,1,0,2,2,9,8,0,51,629288
2145,43,0,0,13,1,1,0,2,50,938518
2146,42,1,2,9,2,7,5,0,50,1071400
2147,41,1,0,21,3,6,7,0,59,1434567
2148,47,0,0,6,1,7,9,0,60,833878
2149,51,1,1,25,3,3,1,1,54,1607850
2150,26,1,0,16,1,3,4,1,37,1099094
2151,47,0,0,29,4,1,5,2,40,1648135
2152,54,0,0,5,2,4,4,0,35,744044
2153,32,1,0,22,4,2,2,1,55,1385113
2154,27,1,0,21,2,10,3,2,50,1427791
2155,30,0,0,3,0,8,6,0,49,648684
2156,37,1,1,16,1,3,3,2,41,1211727
2157,46,1,1,26,0,7,8,2,36,1736552
2158,41,1,1,8,0,7,10,2,44,892046
2159,48,0,1,3,2,9,9,2,59,679934
2160,22,1,1,6,4,6,1,2,49,769556
2161,21,1,0,22,3,1,4,2,40,1360806
2162,56,0,1,1,2,8,7,2,36,558354
2163,46,1,1,16,3,1,4,0,58,1257046
2164,49,1,1,23,0,3,9,0,58,1648064
2165,41,0,0,7,3,5,7,2,51,768184
2166,31,0,0,22,4,8,7,0,35,1504963
2167,31,0,0,29,2,9,8,2,35,1784424
2168,56,0,1,30,4,7,9,0,38,1949042
2169,59,1,0,14,4,9,5,1,54,1095139
2170,55,1,1,30,2,3,3,2,50,1781226
2171,54,0,0,14,4,5,10,1,42,1118108
2172,44,0,0,7,1,10,2,2,35,801647
2173,42,1,0,15,1,8,4,2,60,1151617
2174,25,0,0,18,1,1,5,1,53,1201815
2175,53,1,0,10,3,8,2,1,45,879802
2176,56,0,0,1,4,7,1,1,51,489230
2177,40,1,2,22,2,1,6,2,59,1543372
2178,39,0,0,23,2,10,10,1,44,1599020
2179,55,0,0,16,3,10,4,1,46,1199465
2180,37,1,1,27,2,6,8,0,43,1798994
2181,54,0,1,25,1,1,2,0,41,1596531
2182,29,1,1,15,4,2,7,1,46,1154343
2183,46,1,0,24,2,5,5,1,49,1549066
2184,22,1,1,14,2,2,3,1,42,1074229
2185,29,1,1,12,0,10,8,1,51,1158789
2186,29,1,0,14,0,1,4,0,39,1078069
2187,37,0,0,26,0,6,9,2,48,1603524
2188,21,0,0,3,4,8,5,1,36,644103
2189,45,1,0,15,1,8,8,1,50,1153103
2190,45,0,1,29,1,8,6,0,51,1947581
2191,59,1,0,11,1,6,4,1,37,963203
2192,55,0,2,29,4,3,1,1,57,1824090
2193,23,0,0,3,4,1,3,0,35,546915
2194,57,0,0,2,0,2,1,1,52,473477
2195,50,0,0,21,2,5,2,1,52,1387987
2196,58,1,0,16,3,10,9,0,38,1325238
2197,54,1,1,21,3,5,2,2,49,1396029
2198,32,0,1,17,2,10,3,1,53,1352520
2199,39,0,0,24,0,1,5,1,53,1512053
2200,57,1,0,17,2,1,2,2,44,1124464
2201,37,0,0,22,2,9,9,0,39,1551961
2202,30,1,1,27,3,2,0,2,53,1625835
2203,32,1,0,16,0,7,0,1,45,1141725
2204,36,1,0,11,4,10,8,2,41,984357
2205,44,0,1,22,3,4,8,0,39,1543244
2206,39,1,2,20,4,7,4,1,54,1543952
2207,28,0,0,23,0,8,8,0,46,1603061
2208,51,1,0,3,2,5,10,0,53,641490
2209,41,0,1,30,1,1,6,2,49,1847219
2210,37,0,1,11,1,4,8,2,46,972839
2211,43,0,0,30,0,10,6,0,38,1902992
2212,57,1,2,25,1,3,8,0,46,1779938
2213,36,1,1,22,4,10,1,1,52,1564249
2214,26,0,0,21,1,5,10,0,51,1489735
2215,28,0,0,20,0,10,10,0,53,1510734
2216,45,0,0,19,0,10,7,2,50,1358080
2217,38,1,1,14,4,6,6,0,45,1264460
2218,45,1,0,22,1,2,5,0,36,1438260
2219,32,1,1,27,1,7,4,2,50,1750607
2220,35,1,1,15,2,3,3,1,35,1186852
2221,46,0,0,4,3,1,6,2,51,548380
2222,46,0,1,20,0,10,2,2,52,1467257
2223,52,1,2,14,2,3,7,0,59,1273191
2224,30,1,0,16,0,9,1,0,47,1200930
2225,36,0,0,17,2,10,0,1,39,1199353
2226,27,1,0,4,3,6,10,0,59,699832
2227,37,1,1,12,2,6,1,1,58,1059554
2228,43,1,2,18,0,4,8,1,40,1436017
2229,46,1,0,29,1,8,4,1,35,1800298
2230,41,1,1,12,0,5,10,1,44,1121389
2231,42,1,0,17,4,7,7,0,39,1338306
2232,27,0,0,13,4,9,2,2,35,1014525
2233,34,1,0,29,4,5,6,2,57,1766471
2234,35,1,0,3,4,5,1,0,60,631211
2235,27,0,0,3,3,4,7,0,45,630280
2236,29,0,0,19,1,6,6,1,58,1296240
2237,28,0,0,19,1,2,4,0,58,1336092
2238,43,1,2,18,0,3,10,2,41,1425541
2239,49,0,0,12,2,1,3,0,52,998851
2240,38,1,0,11,0,2,0,0,55,885544
2241,51,1,0,6,0,2,4,1,54,693981
2242,50,1,1,24,0,8,8,1,55,1647332
2243,59,0,0,11,0,8,9,1,44,999836
2244,55,0,0,20,1,2,3,1,59,1272388
2245,38,0,2,3,2,6,8,2,49,702694
2246,59,0,0,26,0,5,1,0,38,1647294
2247,37,0,0,1,1,3,3,0,50,503769
2248,34,1,1,1,0,5,8,1,49,598420
2249,51,1,0,4,4,5,3,2,49,581855
2250,44,1,0,22,0,5,4,2,46,1363460
2251,55,1,0,9,0,3,10,0,42,928646
2252,54,0,0,9,3,3,7,1,42,848252
2253,23,0,0,8,4,4,0,0,52,777835
2254,57,1,0,12,2,7,0,0,40,994910
2255,46,0,0,6,0,2,8,2,39,646463
2256,43,0,0,4,2,10,8,2,36,657336
2257,59,1,1,25,4,4,3,0,46,1663534
2258,35,1,0,9,0,4,1,1,60,773369
2259,24,0,0,9,3,1,8,1,38,816381
2260,49,0,1,5,1,10,3,0,57,834407
2261,42,1,1,26,3,8,5,0,47,1808552
2262,45,1,0,27,3,1,0,1,51,1572939
2263,33,1,2,18,1,8,8,1,50,1497576
2264,38,0,0,20,1,7,4,1,43,1352170
2265,53,1,0,7,1,9,2,0,60,870908
2266,36,1,1,0,0,8,3,2,35,502369
2267,22,0,0,27,2,5,0,1,49,1658098
2268,55,0,0,16,2,8,8,1,46,1234544
2269,54,0,0,6,1,10,7,1,39,761900
2270,50,0,0,13,3,3,3,0,57,1045733
2271,33,0,0,20,4,10,1,2,58,1308589
2272,33,1,2,29,1,7,8,2,52,1943044
2273,38,1,0,20,3,4,3,1,54,1347311
2274,52,0,1,16,3,5,8,0,36,1341926
2275,52,0,0,8,0,9,9,2,38,890599
2276,55,0,1,16,0,7,2,0,49,1309008
2277,59,0,1,4,2,4,6,2,40,702794
2278,49,0,1,25,2,6,6,1,56,1714134
2279,49,1,0,24,4,10,9,0,46,1634866
2280,36,1,0,29,4,7,3,1,52,1775890
2281,30,1,0,30,4,10,1,2,54,1799504
2282,50,1,1,19,4,9,10,2,38,1456374
2283,45,0,1,28,3,4,8,1,35,1791404
2284,59,1,0,7,3,10,3,2,49,804223
2285,40,0,0,5,2,3,7,1,52,627637
2286,25,0,0,10,0,8,1,1,48,879828
2287,21,0,1,30,0,1,7,1,37,1861544
2288,50,1,0,18,1,9,10,2,49,1323097
2289,23,0,1,3,3,1,9,0,39,691022
2290,34,1,2,17,4,2,4,1,58,1313202
2291,50,1,0,0,4,8,6,0,56,532704
2292,24,0,0,12,1,9,6,2,37,999641
2293,38,0,0,13,0,7,8,2,56,1050479
2294,57,0,0,23,4,3,2,0,41,1525771
2295,45,1,0,0,0,7,9,1,40,488027
2296,21,0,0,29,1,6,3,2,60,1723912
2297,35,1,1,28,0,2,9,1,56,1817474
2298,29,0,0,10,0,3,3,1,35,862692
2299,35,0,0,16,0,10,9,0,53,1304209
2300,44,1,2,3,4,10,4,2,41,774563
2301,24,1,1,25,2,5,5,0,38,1721738
2302,32,1,0,11,3,10,2,2,46,948242
2303,57,1,0,9,0,4,3,0,54,846941
2304,57,1,0,30,0,2,2,2,57,1677073
2305,26,1,1,5,0,4,1,2,59,678827
2306,59,0,1,24,2,8,9,2,52,1654225
2307,44,0,1,0,1,5,8,1,43,551096
2308,31,1,0,6,4,5,0,1,53,690546
2309,33,0,1,25,2,10,1,0,56,1759457
2310,54,1,0,26,0,3,7,0,38,1690309
2311,45,0,0,20,2,8,6,2,35,1393998
2312,27,0,0,27,2,6,0,2,43,1597268
2313,24,1,0,30,2,2,4,1,49,1758078
2314,28,1,0,15,1,2,9,1,56,1082865
2315,40,1,1,23,3,9,5,1,42,1601887
2316,49,0,2,13,4,7,4,0,49,1260876
2317,30,1,0,22,1,10,3,1,49,1477479
2318,54,0,0,19,1,9,0,0,52,1363478
2319,46,1,0,19,3,6,6,1,41,1311401
2320,23,0,0,5,1,5,8,1,56,687502
2321,26,0,0,21,2,1,5,2,52,1290394
2322,25,1,2,24,2,6,2,0,50,1687262
2323,25,0,0,27,0,6,9,1,36,1673487
2324,43,0,0,4,1,3,3,2,38,547341
2325,29,1,0,23,0,3,9,0,54,1516570
2326,55,0,1,20,4,3,4,0,50,1465268
2327,40,1,1,17,2,3,0,1,37,1220605
2328,55,1,2,14,4,7,4,0,58,1327602
2329,38,1,1,5,3,10,0,2,57,731723
2330,37,1,0,24,2,2,8,2,36,1517108
2331,44,0,0,28,4,10,6,0,37,1866206
2332,23,0,1,18,3,10,2,2,60,1366098
2333,52,0,0,0,4,2,8,0,59,496707
2334,55,1,0,0,3,3,1,2,39,373028
2335,58,0,0,12,3,10,6,0,36,1124921
2336,33,0,0,2,2,7,8,0,53,658760
2337,45,1,0,9,0,3,5,0,58,851249
2338,29,1,0,20,3,7,9,2,54,1403847
2339,24,0,1,2,3,9,4,0,36,713839
2340,34,1,0,8,2,10,6,0,36,927673
2341,57,1,0,7,0,4,5,1,56,716642
2342,54,1,0,2,1,7,4,1,58,522338
2343,31,1,0,24,1,9,1,0,57,1607761
2344,23,0,0,30,0,8,7,1,54,1821622
2345,48,1,0,12,4,8,6,0,52,1092423
2346,49,1,0,5,2,9,5,1,59,725873
2347,29,1,0,12,0,5,4,2,54,959565
2348,23,1,0,22,1,5,4,2,59,1369806
2349,45,1,0,19,3,3,8,0,55,1315757
2350,54,1,0,19,1,5,0,0,48,1296470
2351,32,1,0,11,3,8,8,2,49,941220
2352,29,1,0,12,2,5,5,2,46,974754
2353,35,0,1,1,3,4,3,1,45,586852
2354,45,1,0,20,0,8,9,0,45,1450505
2355,25,0,0,23,3,7,6,2,41,1475288
2356,31,1,0,22,4,6,8,2,46,1480492
2357,54,1,1,15,0,5,4,0,50,1226109
2358,44,1,1,22,2,5,4,1,39,1475497
2359,35,1,1,5,0,10,7,1,36,848326
2360,58,0,1,18,4,2,6,1,56,1281864
2361,28,1,0,20,2,4,7,1,50,1388310
2362,25,1,1,12,1,8,10,2,57,1097017
2363,46,0,0,16,4,8,9,0,49,1249821
2364,38,0,0,22,2,1,1,0,45,1420337
2365,26,1,0,8,3,2,8,2,40,773485
2366,57,0,0,16,0,5,2,2,47,1132388
2367,33,0,2,28,2,9,5,2,53,1848372
2368,48,0,0,1,0,10,5,0,44,636333
2369,25,1,1,18,3,7,1,0,58,1358283
2370,33,1,0,18,2,10,6,0,53,1378857
2371,37,1,0,23,1,5,8,1,39,1520772
2372,52,0,0,6,4,1,9,2,59,693670
2373,49,1,0,21,2,6,10,2,55,1450133
2374,23,0,1,30,3,8,0,2,41,1837261
2375,54,1,0,9,2,7,7,0,45,962154
2376,47,1,0,9,0,2,1,2,48,723107
2377,33,0,1,26,2,5,0,2,57,1625561
2378,53,1,0,19,1,4,7,1,55,1345674
2379,26,0,2,8,2,9,1,0,50,1021268
2380,44,0,0,16,4,10,5,2,52,1191608
2381,39,1,0,26,2,1,5,0,55,1595138
2382,36,0,0,14,0,6,4,0,57,1131693
2383,48,1,0,1,2,3,7,0,57,518248
2384,53,1,0,30,1,9,2,1,38,1802632
2385,33,0,1,29,3,5,9,0,35,1924547
2386,45,1,1,3,2,6,3,0,56,683100
2387,56,0,1,18,2,9,6,0,49,1453930
2388,47,1,0,16,4,9,6,2,48,1222861
2389,58,1,0,4,1,8,7,1,53,718905
2390,27,1,0,6,3,9,1,2,39,719025
2391,25,1,0,17,0,4,10,1,38,1278876
2392,51,1,1,20,2,6,1,1,47,1448944
2393,43,0,0,21,3,5,3,0,52,1439840
2394,30,0,0,26,0,5,9,0,46,1681369
2395,52,0,0,6,1,4,8,2,57,680460
2396,50,0,2,16,1,2,9,1,55,1277461
2397,59,0,0,6,3,6,8,0,49,808362
2398,51,0,0,3,0,9,3,0,57,655610
2399,38,1,0,7,1,1,8,0,43,771995
2400,56,1,0,12,3,7,2,0,38,1007717
2401,22,0,0,3,1,6,4,2,39,597867
2402,34,0,0,5,1,3,9,2,43,692472
2403,33,1,1,24,1,1,8,0,47,1660022
2404,49,1,0,4,4,4,5,0,44,681668
2405,32,1,1,29,0,9,2,0,50,1920645
2406,59,0,2,11,3,2,9,0,47,1130550
2407,22,0,1,3,3,3,8,0,38,678576
2408,52,0,0,23,0,2,5,1,55,1449868
2409,33,1,0,28,0,2,3,1,47,1664380
2410,47,1,1,8,0,10,3,1,55,899728
2411,37,0,1,3,0,8,7,1,42,709800
2412,51,0,0,18,2,3,6,0,47,1264886
2413,54,1,1,23,3,7,0,1,49,1588614
2414,44,1,0,13,2,8,5,1,54,1100909
2415,55,1,0,4,1,3,7,2,54,599236
2416,26,1,0,17,1,2,2,1,47,1160805
2417,39,0,0,9,3,8,8,1,57,907532
2418,50,1,0,24,1,3,9,0,39,1576688
2419,27,1,1,18,0,7,1,1,56,1303063
2420,30,1,0,11,2,1,5,1,56,880089
2421,52,0,0,17,0,6,0,0,40,1252942
2422,54,0,0,16,1,9,10,1,60,1269829
2423,48,1,0,29,2,3,1,0,39,1759553
2424,35,1,0,23,0,7,4,1,47,1494585
2425,50,1,1,10,3,6,0,2,39,953739
2426,57,0,1,2,0,8,7,2,59,661004
2427,49,0,1,22,1,3,0,1,47,1418438
2428,42,0,1,16,2,3,8,2,58,1203212
2429,24,1,0,0,3,4,9,0,54,530362
2430,40,0,0,14,2,3,10,1,57,1128177
2431,52,1,0,27,3,9,2,0,42,1715983
2432,56,1,0,8,2,4,1,2,43,710026
2433,24,1,2,14,1,6,0,0,55,1262998
2434,47,0,0,27,3,8,8,2,53,1710744
2435,37,1,0,23,4,8,3,2,54,1492013
2436,32,0,1,27,2,5,0,2,49,1686039
2437,42,0,2,28,2,5,0,0,60,1879831
2438,37,1,1,2,0,6,6,2,56,604603
2439,30,1,0,21,3,10,1,1,44,1460758
2440,21,0,0,26,4,7,6,2,45,1649713
2441,42,1,0,18,1,10,6,1,39,1301105
2442,46,0,0,12,0,7,9,1,43,1073182
2443,38,1,0,11,4,4,8,1,45,969147
2444,34,0,0,19,3,6,6,1,53,1360400
2445,49,0,2,0,4,7,0,0,36,640434
2446,32,0,0,20,2,5,7,1,40,1352515
2447,56,0,1,16,2,5,7,2,57,1254001
2448,55,1,1,12,0,2,3,1,55,1036397
2449,32,1,0,0,3,7,7,2,35,481415
2450,27,0,1,9,3,6,3,0,37,957960
2451,49,0,0,14,4,1,7,1,37,1053778
2452,31,1,0,26,0,4,4,2,48,1560941
2453,53,1,1,26,3,3,3,0,54,1710955
2454,26,1,0,29,2,3,5,0,60,1819565
2455,35,1,2,6,4,7,1,2,56,848908
2456,52,1,0,27,1,10,1,1,39,1717067
2457,31,1,0,21,2,4,1,0,51,1416696
2458,43,0,0,17,0,8,8,2,49,1223429
2459,46,1,0,15,3,9,9,1,40,1241676
2460,54,1,0,13,2,3,2,0,48,1011847
2461,54,0,1,26,1,5,9,2,48,1709191
2462,49,1,1,27,1,4,3,0,59,1761256
2463,24,1,1,17,0,10,9,0,51,1425774
2464,37,1,0,26,2,6,7,2,42,1587127
2465,55,1,1,6,4,10,3,0,42,882205
2466,33,1,1,16,2,4,10,2,53,1266764
2467,59,0,1,28,1,8,9,1,43,1856664
2468,35,1,0,17,0,3,9,2,45,1209795
2469,49,0,1,11,0,5,6,1,47,1025333
2470,49,0,1,7,4,1,4,0,47,835079
2471,31,1,0,21,0,6,8,2,58,1385259
2472,52,0,1,30,0,5,3,2,53,1820571
2473,22,1,0,29,0,8,2,2,60,1748119
2474,34,0,0,1,0,9,1,2,55,449009
2475,40,0,0,6,0,8,0,1,53,737829
2476,42,1,0,3,1,8,10,1,39,659230
2477,31,1,0,17,2,3,5,0,50,1257049
2478,47,1,1,27,3,4,9,0,43,1811498
2479,23,1,0,5,0,4,1,0,54,669820
2480,37,1,1,26,3,5,7,0,56,1766315
2481,48,0,1,30,3,9,5,2,37,1890795
2482,49,0,0,8,1,9,4,1,53,849191
2483,41,0,1,26,0,10,1,1,39,1742453
2484,36,0,2,8,3,1,6,1,42,892453
2485,57,0,1,13,0,8,1,1,48,1129325
2486,40,0,1,7,4,1,4,0,58,848490
2487,26,0,2,30,4,2,1,2,37,1886796
2488,39,1,1,18,4,7,10,1,58,1413993
2489,25,1,0,2,3,8,9,2,47,583706
2490,23,0,1,17,4,1,10,2,45,1259817
2491,21,0,1,4,1,3,10,2,42,720544
2492,58,1,0,13,1,7,1,2,53,1012710
2493,35,1,0,27,3,9,6,1,44,1731799
2494,54,1,1,29,0,8,8,1,60,1915964
2495,55,1,0,3,2,8,4,1,52,626678
2496,45,0,2,6,0,9,6,0,60,1007150
2497,44,1,0,19,0,10,3,1,52,1369438
2498,32,0,0,24,0,3,1,0,59,1561223
2499,38,0,0,27,0,8,2,0,41,1748926
2500,35,0,0,11,2,1,1,0,50,878801
2501,36,1,1,1,4,8,4,1,40,604048
2502,47,1,2,10,0,7,5,1,50,1074144
2503,28,0,1,13,1,8,6,1,50,1129148
2504,45,0,0,21,3,1,2,0,57,1352861
2505,37,0,0,30,3,6,3,0,58,1867717
2506,49,1,1,22,1,7,7,2,35,1512480
2507,28,0,2,15,0,5,3,0,58,1287637
2508,35,1,0,19,2,5,6,0,53,1367621
2509,47,0,0,28,4,7,5,1,37,1754304
2510,27,0,0,5,3,3,6,2,40,636431
2511,23,0,1,22,4,6,0,2,38,1478172
2512,49,1,1,3,2,7,2,2,38,620437
2513,44,1,0,14,3,1,5,1,38,1000149
2514,23,0,0,23,4,2,2,2,44,1369671
2515,40,1,1,24,2,4,6,2,43,1559119
2516,35,0,0,0,4,8,8,1,42,516117
2517,45,1,0,6,0,10,2,2,53,702279
2518,50,1,0,24,2,6,0,0,51,1580835
2519,34,1,0,30,4,1,9,0,51,1798803
2520,27,0,0,11,0,10,5,0,35,1075805
2521,37,1,1,9,0,5,0,0,54,923201
2522,40,1,1,4,2,7,0,0,48,732634
2523,56,0,1,11,1,6,7,0,56,1077760
2524,29,0,1,17,3,9,8,0,54,1387826
2525,58,0,0,9,2,8,1,0,45,914775
2526,42,0,1,5,0,4,8,0,37,851676
2527,22,1,0,27,0,5,4,1,58,1623798
2528,44,1,1,11,2,7,7,1,42,1091103
2529,28,1,2,6,1,8,6,0,56,1001160
2530,31,1,0,17,3,5,6,1,59,1260751
2531,33,1,0,1,4,9,3,1,44,560502
2532,37,0,0,9,2,10,1,0,51,944410
2533,28,1,0,14,3,4,4,0,42,1110888
2534,41,1,0,29,3,4,10,1,56,1792047
2535,38,1,1,11,0,8,10,0,35,1156955
2536,50,0,2,25,4,1,2,0,54,1664982
2537,38,0,0,16,2,8,8,0,55,1273864
2538,51,1,0,3,0,5,5,0,41,674118
2539,58,0,0,6,0,1,0,1,58,631265
2540,52,0,1,29,1,4,2,2,43,1775313
2541,31,0,0,8,3,2,3,1,46,762350
2542,45,0,0,30,2,4,8,2,56,1757378
2543,53,0,0,18,2,8,10,2,60,1335815
2544,58,0,0,27,2,5,5,2,43,1622924
2545,28,0,0,26,0,1,3,1,54,1523312
2546,31,1,1,22,1,7,0,1,58,1494353
2547,42,1,0,6,4,1,7,1,37,664192
2548,44,0,1,22,0,9,10,1,38,1585450
2549,37,1,0,1,4,3,1,1,44,404432
2550,32,1,1,5,1,3,10,2,38,758225
2551,52,0,1,17,3,6,10,1,56,1385711
2552,35,1,0,5,2,10,7,2,43,746604
2553,36,0,0,12,4,6,5,1,56,972295
2554,42,0,0,25,0,6,7,1,35,1569774
2555,48,0,1,18,4,1,5,0,39,1314190
2556,40,1,0,29,3,5,4,2,43,1708286
2557,53,1,2,1,2,6,4,1,39,685325
2558,30,1,0,11,4,8,9,1,40,1045427
2559,52,1,1,14,3,1,9,1,53,1168014
2560,53,0,1,13,0,5,10,0,42,1240852
2561,22,0,1,5,1,3,7,2,44,732256
2562,53,1,0,17,0,2,6,1,45,1205630
2563,53,0,0,4,2,8,7,1,47,704771
2564,33,0,1,17,0,7,7,1,54,1346715
2565,50,1,0,2,0,10,6,0,38,625466
2566,53,0,0,2,0,7,1,1,45,509637
2567,33,1,0,21,0,5,10,2,46,1433745
2568,46,0,0,21,2,9,8,2,39,1433317
2569,42,1,0,9,3,5,6,2,44,842766
2570,59,0,0,18,4,2,10,2,59,1197078
2571,22,0,0,2,1,3,5,1,58,503299
2572,58,1,1,28,4,4,8,0,41,1815543
2573,59,1,1,11,4,5,0,0,55,1046052
2574,46,1,1,28,1,3,10,0,43,1838064
2575,35,1,2,15,2,7,1,1,43,1299287
2576,54,0,0,16,1,5,0,0,44,1154425
2577,31,0,0,6,2,5,9,2,44,733481
2578,23,1,0,12,4,6,2,1,36,1015347
2579,26,0,0,23,2,7,10,0,38,1631317
2580,29,1,2,1,3,10,4,2,42,677530
2581,26,1,0,3,1,10,0,2,48,560888
2582,29,0,0,9,3,8,3,1,51,862491
2583,59,0,0,6,4,9,7,1,47,776352
2584,51,1,0,23,1,4,5,0,55,1504676
2585,52,1,1,16,4,5,0,0,58,1285836
2586,32,1,0,19,3,5,0,0,52,1312463
2587,28,0,2,5,4,8,2,1,52,845990
2588,28,0,0,18,1,9,9,0,47,1413627
2589,48,0,0,4,1,7,7,0,42,700221
2590,40,0,1,9,4,5,10,2,60,977843
2591,27,1,0,8,1,3,10,2,46,807313
2592,31,1,2,26,1,1,7,2,59,1697251
2593,40,1,2,12,4,9,2,0,57,1220586
2594,36,1,1,18,3,5,6,1,58,1382418
2595,24,1,1,20,1,9,2,2,55,1437884
2596,26,1,0,23,1,10,3,1,35,1541620
2597,42,0,2,5,1,4,8,0,54,857040
2598,46,0,0,3,1,5,3,0,52,650677
2599,23,1,1,23,4,4,2,2,37,1504878
2600,34,1,2,26,3,2,4,1,46,1691969
2601,31,0,2,2,3,1,6,2,53,593162
2602,38,0,1,2,2,8,4,0,59,723435
2603,32,0,0,3,1,4,3,1,47,591667
2604,43,0,2,24,1,5,7,2,44,1631037
2605,32,1,1,4,2,6,3,0,49,776526
2606,33,1,2,7,3,8,1,2,54,863693
2607,45,1,1,15,0,8,9,1,36,1292090
2608,39,1,0,21,0,7,5,1,53,1381451
2609,56,1,0,2,3,4,1,1,37,521560
2610,28,0,0,30,1,6,2,1,48,1753962
2611,49,1,1,23,0,4,0,1,41,1489444
2612,52,0,0,11,4,7,4,2,42,931443
2613,38,1,0,24,4,1,8,2,45,1452506
2614,26,1,0,7,2,5,1,2,56,701384
2615,38,1,1,12,3,10,6,2,54,1092248
2616,39,1,0,3,3,10,4,0,40,693162
2617,42,1,0,13,0,4,1,0,45,1043690
2618,57,0,0,13,1,7,7,2,51,1074625
2619,52,0,0,12,3,9,10,0,44,1156008
2620,23,0,0,26,0,5,5,0,58,1690309
2621,48,1,0,5,0,4,3,1,51,650237
2622,30,1,0,16,3,9,3,2,55,1167732
2623,55,0,2,3,0,5,1,0,36,721104
2624,49,1,1,7,2,9,2,0,40,913980
2625,35,1,0,16,2,8,6,2,59,1218990
2626,53,0,2,2,3,4,2,1,39,653560
2627,27,1,0,16,1,7,4,2,38,1125554
2628,32,0,1,8,2,5,9,1,36,927987
2629,50,1,1,1,2,10,5,0,46,675985
2630,41,0,0,24,3,4,5,1,37,1526167
2631,51,1,0,12,4,5,3,1,40,974428
2632,44,1,0,19,0,5,5,2,58,1302238
2633,40,0,0,1,2,9,2,0,48,591723
2634,57,1,1,19,4,9,6,2,42,1388038
2635,24,1,0,27,1,6,6,2,55,1637219
2636,48,0,0,10,4,4,3,0,55,886271
2637,40,1,0,26,3,2,1,2,60,1509397
2638,44,0,0,25,1,3,10,2,48,1595491
2639,52,1,0,21,1,2,6,1,37,1356602
2640,56,1,0,14,4,5,2,2,50,1040471
2641,54,1,1,10,3,6,0,0,49,1024150
2642,56,1,0,22,2,5,1,2,41,1382227
2643,22,0,0,2,4,2,9,1,49,519116
2644,35,1,1,2,2,5,8,2,47,580674
2645,54,0,0,27,4,9,7,2,40,1676469
2646,56,1,1,25,2,4,5,2,49,1578446
2647,26,1,1,11,4,10,5,1,51,1065760
2648,59,1,0,23,1,2,0,0,38,1420963
2649,32,1,0,4,0,3,1,0,56,660002
2650,23,0,0,19,1,3,3,1,56,1252262
2651,38,0,0,6,2,9,2,1,48,709177
2652,41,0,0,6,3,4,0,2,49,609160
2653,35,0,0,12,1,1,7,0,46,975543
2654,53,1,0,8,0,1,6,1,53,769278
2655,55,0,0,24,2,7,3,0,56,1577607
2656,46,0,1,20,1,7,8,2,44,1425221
2657,28,1,0,12,4,2,10,1,40,957323
2658,56,1,0,11,3,9,3,0,59,1039105
2659,50,1,0,12,2,9,0,0,43,1084151
2660,43,1,1,23,1,5,9,2,36,1593968
2661,34,0,0,9,2,3,0,1,38,774238
2662,34,0,1,0,4,3,0,0,43,539830
2663,22,1,0,24,0,3,0,2,49,1469967
2664,57,1,1,7,1,6,3,0,47,859330
2665,25,1,0,21,2,4,0,2,54,1317153
2666,58,0,0,15,2,8,1,0,42,1147611
2667,34,0,0,12,2,5,3,0,60,997872
2668,59,1,0,2,0,1,6,2,53,479455
2669,45,1,0,2,2,9,1,1,53,550930
2670,40,0,0,23,3,1,7,2,59,1455022
2671,22,1,1,4,3,6,6,1,50,752714
2672,59,1,2,25,2,1,8,0,45,1759716
2673,26,0,0,10,3,3,5,0,44,952704
2674,37,1,0,29,1,10,3,2,42,1729415
2675,45,0,0,6,3,5,5,2,35,726441
2676,48,1,1,20,2,10,3,1,44,1504779
2677,22,1,0,23,4,7,6,1,52,1548435
2678,55,0,2,9,1,10,8,1,37,1058888
2679,57,0,0,9,0,8,2,2,45,842299
2680,25,1,0,19,2,9,2,0,52,1397765
2681,21,0,1,1,0,6,1,2,37,547714
2682,32,1,1,2,4,9,0,0,42,653935
2683,56,1,0,7,0,8,0,2,48,764002
2684,43,0,0,30,2,9,2,2,40,1830729
2685,51,1,2,10,2,10,6,1,49,1079320
2686,31,1,0,12,4,4,10,0,48,1074032
2687,30,0,1,6,2,9,8,2,41,879763
2688,23,0,0,12,4,7,1,2,44,929907
2689,34,1,1,1,4,5,6,0,49,631002
2690,36,0,1,5,2,5,0,2,44,689838
2691,30,0,0,8,3,1,1,0,56,778912
2692,49,0,1,30,4,2,5,1,51,1804552
2693,30,0,0,19,2,10,10,1,53,1385140
2694,32,1,0,24,3,3,4,0,51,1556737
2695,50,1,0,1,4,8,7,1,46,540367
2696,21,1,0,17,3,6,10,0,49,1301061
2697,25,0,1,15,1,10,1,2,60,1205124
2698,40,0,0,24,1,5,0,2,46,1465638
2699,28,0,0,11,3,1,6,0,59,916982
2700,32,0,0,6,4,9,5,2,43,733765
2701,21,0,0,6,2,3,7,1,39,726681
2702,40,0,0,16,0,3,10,2,38,1179232
2703,48,0,1,12,2,2,7,2,46,1042349
2704,57,1,2,10,0,4,1,0,50,1079474
2705,57,1,1,5,0,2,7,1,43,724513
2706,32,0,0,28,4,9,5,2,59,1710592
2707,57,0,0,22,3,10,8,2,37,1477618
2708,48,0,0,26,2,7,6,0,55,1713632
2709,35,1,0,13,3,8,1,0,37,1064409
2710,26,1,0,5,1,3,7,1,60,636529
2711,40,0,0,5,4,6,8,2,52,665154
2712,34,0,0,1,4,10,6,0,51,605882
2713,22,1,2,21,1,6,3,0,44,1595917
2714,29,1,0,19,2,1,8,0,36,1306701
2715,57,1,0,24,1,6,3,1,58,1561281
2716,40,1,0,14,2,3,3,0,45,1118225
2717,46,0,0,27,0,3,8,1,58,1677492
2718,49,1,1,16,4,3,7,1,37,1204988
2719,21,1,0,28,2,10,3,2,57,1719919
2720,55,0,0,7,3,10,7,2,57,819426
2721,26,1,0,4,3,8,7,1,36,694167
2722,57,1,0,16,4,5,6,2,43,1117013
2723,25,1,0,19,1,4,9,2,53,1294113
2724,53,0,1,0,1,9,5,0,36,591574
2725,34,1,1,21,2,9,7,2,53,1476838
2726,32,0,1,17,1,1,6,1,36,1246368
2727,40,0,0,14,4,2,4,2,49,998228
2728,44,1,1,4,2,8,3,0,58,789711
2729,54,1,0,6,0,5,1,1,55,694097
2730,45,1,0,17,1,7,10,2,37,1264773
2731,49,1,1,5,1,1,7,1,39,711639
2732,59,0,0,21,2,10,8,2,45,1423823
2733,51,1,0,20,3,5,3,0,58,1367510
2734,43,1,1,4,1,3,3,2,41,638333
2735,58,1,0,29,4,10,4,1,40,1771435
2736,40,0,0,18,1,2,1,1,48,1190418
2737,43,1,0,30,0,2,6,1,35,1789955
2738,36,1,1,9,1,9,4,2,60,964507
2739,28,0,2,14,3,4,5,2,51,1199033
2740,41,0,1,9,1,4,3,2,51,909972
2741,21,1,0,26,2,7,7,0,48,1717219
2742,28,1,0,15,1,10,7,0,44,1245477
2743,49,1,0,11,3,10,4,0,42,1049721
2744,52,1,0,17,2,2,5,1,42,1206228
2745,58,1,0,22,4,3,2,1,48,1367523
2746,25,0,0,0,2,3,0,1,41,378326
2747,42,0,0,15,0,6,8,1,40,1163205
2748,54,1,2,21,2,3,8,1,38,1505125
2749,21,1,0,5,4,5,2,2,35,647735
2750,46,0,0,2,1,4,3,1,49,488375
2751,30,1,0,1,2,3,6,2,59,411711
2752,50,1,2,27,2,8,1,0,49,1861437
2753,38,1,1,1,2,10,2,0,35,649022
2754,37,1,1,29,2,3,5,0,54,1830182
2755,46,1,2,12,4,6,10,0,37,1273531
2756,28,0,0,8,3,7,7,0,57,900950
2757,32,1,0,15,3,7,0,1,39,1081920
2758,47,1,0,26,2,2,3,1,39,1550144
2759,28,1,0,4,4,3,0,1,38,528565
2760,45,0,0,22,4,10,1,0,51,1531942
2761,24,0,0,27,2,10,7,0,55,1821560
2762,53,0,2,20,0,4,5,2,54,1442691
2763,21,0,2,6,2,7,8,1,48,911799
2764,39,1,1,12,0,2,1,0,60,1078777
2765,51,0,1,19,2,3,2,0,42,1381510
2766,36,1,1,23,0,7,8,0,36,1700366
2767,34,1,0,28,0,7,8,2,42,1716975
2768,25,0,0,26,2,10,5,0,35,1743242
2769,46,0,1,29,0,3,2,2,38,1763546
2770,48,0,1,25,1,1,4,2,53,1552267
2771,22,0,0,12,3,3,1,1,39,971911
2772,26,0,2,26,4,5,6,0,39,1857939
2773,29,1,0,25,0,7,9,2,55,1565897
2774,53,0,0,6,0,4,10,0,54,758163
2775,45,0,1,9,4,1,7,1,58,915540
2776,33,0,0,14,0,6,5,1,53,1082030
2777,29,1,0,20,4,2,7,2,46,1315313
2778,33,0,0,26,2,3,1,1,54,1553870
2779,51,1,1,5,1,4,2,1,35,708482
2780,31,0,0,4,1,6,6,1,41,641058
2781,24,0,1,22,3,6,9,0,51,1631255
2782,54,1,0,27,0,7,0,0,36,1723930
2783,58,0,0,1,3,5,6,2,45,483500
2784,24,1,2,20,2,7,5,2,41,1480379
2785,58,1,0,14,1,2,7,1,51,1087787
2786,39,1,2,25,2,1,6,1,37,1668674
2787,26,0,0,15,2,10,3,2,56,1105590
2788,54,0,2,30,0,8,2,1,40,1953432
2789,38,0,0,18,2,1,2,2,56,1158426
2790,33,1,0,8,1,2,3,0,45,817584
2791,43,0,0,28,3,10,8,1,52,1792015
2792,39,1,0,21,1,6,8,1,52,1464251
2793,31,0,1,28,0,1,1,1,56,1739353
2794,21,1,0,25,1,10,4,0,44,1641600
2795,44,1,0,18,4,3,0,0,39,1230690
2796,27,1,0,6,3,7,3,1,57,721762
2797,45,0,0,3,4,8,1,2,57,556499
2798,41,1,1,29,4,4,7,0,55,1856670
2799,35,1,0,2,0,3,3,1,58,477341
2800,21,1,1,23,2,1,4,1,60,1542823
2801,32,1,1,28,4,9,10,0,56,1905015
2802,27,1,1,19,1,10,3,2,49,1424126
2803,35,1,0,10,2,6,4,1,55,919197
2804,41,0,1,0,1,6,4,2,54,513849
2805,39,0,2,5,1,9,4,2,57,810852
2806,49,1,1,25,2,1,10,0,38,1712361
2807,45,0,0,10,2,6,2,1,55,869258
2808,53,0,1,26,1,5,6,1,55,1730355
2809,52,1,1,0,0,6,2,2,35,489508
2810,55,1,1,20,3,8,1,0,49,1511784
2811,58,1,0,6,3,5,2,0,51,777728
2812,46,0,0,30,0,2,10,0,53,1841410
2813,31,1,1,5,2,2,2,2,48,634895
2814,55,0,0,13,1,10,7,2,53,1112942
2815,28,1,1,1,3,5,3,1,52,552924
2816,34,0,0,26,1,3,2,0,36,1652831
2817,30,1,0,3,0,10,9,2,40,619264
2818,22,1,0,10,1,3,4,0,47,906038
2819,29,0,0,14,0,8,3,2,51,1039136
2820,23,0,2,17,2,7,8,1,40,1386213
2821,41,0,1,26,0,1,7,0,55,1755608
2822,46,0,1,0,0,5,10,2,56,527431
2823,28,0,0,30,3,9,6,0,39,1908290
2824,22,0,1,2,1,4,7,2,41,621539
2825,26,1,1,2,3,1,4,2,35,536747
2826,48,0,0,30,4,8,3,2,47,1825974
2827,49,1,0,27,0,5,6,0,53,1762763
2828,46,1,1,6,4,2,0,2,56,723208
2829,45,0,1,0,3,1,5,1,35,514994
2830,32,1,2,24,1,3,7,0,47,1751015
2831,25,0,0,10,3,9,6,1,45,930887
2832,54,0,1,5,1,1,1,1,41,635051
2833,57,1,0,19,1,4,6,0,54,1378695
2834,35,1,0,2,2,8,5,2,37,575926
2835,56,0,0,30,0,8,4,1,60,1816491
2836,35,0,0,18,3,10,3,0,59,1330080
2837,43,1,0,1,1,8,0,2,35,455880
2838,26,1,0,17,3,10,1,0,42,1312965
2839,41,1,1,29,3,8,6,0,51,1936361
2840,43,1,1,11,1,4,9,0,47,1121890
2841,36,0,0,28,4,8,2,2,48,1723156
2842,35,0,2,9,0,9,4,1,39,1074290
2843,45,0,0,4,0,7,7,1,60,646593
2844,56,0,0,8,2,2,7,0,58,816167
2845,31,1,1,1,2,9,5,0,56,666005
2846,35,1,0,1,2,8,4,2,57,518471
2847,24,0,0,27,0,5,1,0,58,1693728
2848,41,0,0,5,4,3,8,0,40,693691
2849,33,0,0,28,0,7,0,0,56,1713756
2850,42,0,1,30,0,2,10,1,40,1880308
2851,39,0,0,9,0,3,1,0,55,873079
2852,54,0,0,17,0,9,0,1,42,1248524
2853,34,0,0,11,4,4,3,2,47,907466
2854,24,0,1,3,2,4,3,2,52,576327
2855,47,0,0,21,3,3,4,1,57,1351520
2856,49,1,1,20,2,5,4,1,38,1425308
2857,48,0,0,16,2,3,7,1,51,1138533
2858,55,1,0,14,3,9,10,1,39,1172488
2859,28,1,0,5,0,3,10,0,37,768160
2860,36,0,0,15,4,2,2,1,38,1065429
2861,56,0,0,16,4,5,5,1,57,1181726
2862,50,1,0,2,2,6,2,1,39,561065
2863,38,1,2,9,3,1,1,0,48,955653
2864,22,0,0,4,1,6,7,0,49,724921
2865,33,1,1,13,0,10,0,0,54,1158654
2866,24,0,0,25,2,3,8,2,51,1507108
2867,46,0,0,28,4,4,10,0,40,1817483
2868,45,0,0,20,3,6,6,1,44,1337899
2869,50,1,2,12,3,8,9,0,56,1231372
2870,31,1,0,25,2,9,10,0,57,1710682
2871,27,0,0,5,1,6,3,1,50,698799
2872,51,1,0,30,4,7,2,0,51,1846583
2873,30,1,0,11,2,5,5,2,48,904295
2874,59,1,0,25,1,9,8,0,54,1723113
2875,33,1,0,7,3,4,8,2,46,756574
2876,51,1,0,4,0,10,3,2,43,668934
2877,27,1,0,29,4,6,9,2,49,1759066
2878,56,1,1,14,4,5,4,1,46,1120945
2879,40,0,0,26,1,1,10,0,48,1651418
2880,24,1,0,15,2,5,8,2,60,1128874
2881,27,1,0,0,3,5,1,2,56,365130
2882,21,1,1,15,1,9,1,0,52,1299248
2883,33,1,0,4,0,1,4,1,54,575394
2884,42,1,0,2,0,5,0,1,40,509635
2885,41,1,0,19,0,7,7,2,38,1292404
2886,42,1,0,14,1,6,4,1,60,1116629
2887,48,1,0,30,3,6,9,0,57,1867156
2888,29,0,1,12,4,7,1,1,46,1077618
2889,46,1,1,23,2,6,8,0,47,1660999
2890,29,1,1,15,4,5,1,2,53,1116785
2891,35,1,0,22,3,10,6,0,56,1566359
2892,30,1,0,10,4,5,7,2,47,860694
2893,44,0,0,20,1,9,5,0,46,1444114
2894,28,0,0,1,0,8,10,0,54,650549
2895,44,0,0,21,3,10,6,1,37,1480230
2896,36,0,1,26,3,4,10,0,37,1770799
2897,46,0,0,5,4,4,0,2,48,564156
2898,47,0,0,25,1,10,3,0,52,1639304
2899,57,0,0,25,4,5,6,2,53,1553645
2900,24,0,0,29,4,3,0,2,44,1659938
2901,44,0,0,26,3,8,0,0,51,1682982
2902,39,0,1,5,4,7,10,1,49,856614
2903,56,0,0,13,0,5,5,0,53,1047315
2904,59,0,1,24,4,10,3,0,43,1676420
2905,30,0,1,10,0,3,2,1,38,910312
2906,45,0,1,7,3,5,4,2,49,788395
2907,38,0,0,7,1,3,8,0,53,815301
2908,39,0,0,0,0,10,9,1,50,548972
2909,56,1,0,20,1,5,9,1,42,1405294
2910,30,0,1,6,1,1,10,2,51,770225
2911,53,1,0,5,0,6,9,1,55,701854
2912,25,0,1,20,3,10,2,2,35,1466780
2913,55,0,0,7,2,4,4,0,41,785929
2914,54,1,0,18,1,4,9,1,55,1297103
2915,53,0,0,21,1,8,4,0,52,1496620
2916,41,1,0,30,3,2,8,1,46,1792590
2917,37,1,0,20,3,4,10,1,50,1410554
2918,42,1,1,23,4,2,9,0,35,1581621
2919,57,0,1,19,3,1,10,1,49,1337973
2920,35,0,1,7,1,10,3,0,41,957786
2921,55,0,1,25,0,3,0,0,51,1638097
2922,48,1,1,13,2,8,9,2,37,1147245
2923,27,1,0,30,4,6,4,0,45,1879211
2924,52,0,1,17,0,7,0,2,40,1263841
2925,31,0,0,24,2,2,5,0,40,1529346
2926,30,0,0,28,2,6,9,1,49,1785980
2927,29,0,1,15,2,8,9,0,41,1332153
2928,34,0,0,8,0,8,6,1,45,890942
2929,33,1,0,14,4,4,0,2,51,963972
2930,45,1,0,29,4,6,9,1,57,1807063
2931,22,1,0,25,2,5,3,0,52,1634488
2932,55,0,2,9,0,9,8,1,56,1094055
2933,27,1,0,28,2,8,0,2,58,1700366
2934,41,1,0,21,3,2,8,1,55,1353931
2935,38,1,0,15,4,7,7,1,60,1132702
2936,23,1,0,3,1,7,4,0,53,632540
2937,59,1,2,19,2,1,5,0,42,1474450
2938,31,0,0,12,3,1,6,1,58,975252
2939,59,1,0,21,4,4,3,2,54,1343904
2940,44,0,1,4,0,5,5,1,42,722320
2941,39,0,2,21,4,4,6,2,55,1502000
2942,24,0,1,6,0,7,10,2,45,796599
2943,46,0,1,22,0,3,5,2,55,1482165
2944,58,0,0,8,2,7,10,1,37,892855
2945,52,1,0,7,2,8,5,2,57,731018
2946,59,1,0,28,4,6,1,1,48,1650858
2947,56,0,1,15,3,6,4,2,43,1164992
2948,57,0,0,5,4,8,2,2,59,649580
2949,53,0,0,27,1,8,6,1,35,1739916
2950,56,1,0,15,0,7,3,0,35,1178800
2951,23,0,0,5,0,6,0,0,60,715770
2952,29,1,0,30,2,6,5,1,46,1826941
2953,28,0,2,13,3,10,5,1,45,1242487
2954,53,1,0,20,2,6,6,0,55,1392943
2955,26,0,1,0,1,8,10,0,35,677457
2956,59,1,1,24,4,1,7,0,54,1606836
2957,24,0,0,8,4,5,2,1,46,757394
2958,33,1,0,24,3,3,5,2,51,1508158
2959,22,1,0,30,2,8,9,1,49,1853280
2960,25,1,0,26,2,6,1,0,36,1687318
2961,47,1,1,23,1,2,8,2,52,1484159
2962,52,1,0,12,4,7,1,1,50,1012162
2963,41,1,0,25,2,7,2,0,38,1608440
2964,28,1,0,28,3,5,9,1,42,1779166
2965,58,0,2,18,4,8,1,2,36,1396712
2966,28,0,1,16,1,5,8,0,48,1331656
2967,23,0,1,10,3,1,0,1,59,858589
2968,23,0,1,27,0,9,4,2,49,1763241
2969,42,0,0,27,1,4,0,2,43,1566233
2970,26,1,1,7,3,2,4,1,36,796011
2971,22,1,0,22,2,4,7,2,51,1382177
2972,43,1,1,28,0,9,7,0,60,1898528
2973,22,1,1,4,1,2,10,2,44,705351
2974,58,1,0,9,2,4,7,1,43,875831
2975,37,0,1,6,0,2,1,0,36,793827
2976,55,0,2,9,4,5,7,2,58,974508
2977,54,0,0,3,2,3,4,2,53,537933
2978,43,0,1,8,3,10,0,0,51,988772
2979,50,1,0,26,1,2,6,0,45,1617611
2980,28,1,0,25,0,9,5,2,51,1575282
2981,42,1,0,13,2,5,4,0,44,1078003
2982,56,0,0,1,4,10,0,1,52,549216
2983,25,1,2,24,1,5,0,2,57,1581340
2984,33,0,1,8,1,1,5,1,40,876684
2985,49,1,1,20,2,6,9,2,50,1422165
2986,51,1,0,26,4,7,6,1,52,1630260
2987,36,0,2,0,0,1,9,1,54,598515
2988,50,1,0,22,2,9,9,0,52,1560480
2989,36,1,1,9,0,8,0,2,35,913527
2990,32,0,0,9,1,8,8,0,37,984789
2991,37,1,0,19,0,7,3,0,49,1374902
2992,36,0,1,24,4,5,4,2,54,1564191
2993,32,1,0,21,3,3,1,1,44,1358488
2994,28,1,0,28,4,9,9,2,55,1795082
2995,40,1,0,2,0,7,7,2,39,546044
2996,23,1,0,5,2,10,1,2,49,682600
2997,36,1,0,28,1,10,2,0,57,1804776
2998,50,1,0,25,3,8,8,2,48,1577836
2999,43,1,0,5,2,6,1,2,49,659525
3000,48,1,0,20,2,5,5,2,44,1332648
